Date,高股息ETF有哪些,月配息高股息ETF,高股息ETF推薦,高股息ETF比較,高股息ETF怎麼選,00878,國泰永續高股息,00919,群益台灣精選高息,復華台灣科技優息,00940,元大台灣價值高息,00713,元大台灣高息低波,0056 00878,0056 vs 00878,0056 00878 差別,0056 00878 比較,00878 vs 00919,00878 00919 比較,00919 00929,00919 00940,00919好嗎,00929好嗎,00940好嗎,00713好嗎,高股息ETF年化報酬率,高股息ETF總報酬率,0056報酬率,00878報酬率,00919報酬率,00929報酬率,00940報酬率,0056績效,00919績效,00929績效,高股息ETF殖利率,高股息ETF每月配息,0056配息,00878配息,0056填息,00878收益平準金,0056成分股,00878成分股,00919成分股,00878換股時間,00919成分股調整,00940長榮比重,高股息ETF風險,高股息ETF折溢價,00878費用,00919費用,00929經理費,0056保管費,高股息ETF左手換右手,高股息ETF稅,高股息ETF配息稅,00878二代健保,高股息ETF 54C,高股息ETF補充保費,高股息ETF定期定額,0056定期定額,00929定期定額,高股息ETF質押,0056股票質押,00878質押維持率,吃豆腐 00940,高股息自製月配息,清流君 高股息,柴鼠兄弟 高股息,陳重銘 0056,高股息ETF缺點,0056怎麼買
2021-08-08,0,0,0,0,,14,31,0,0,0,0,0,0,0,9,0,0,0,0,0,0,0,0,0,0,0,0,0,0,0,0,0,0,0,0,0,0,0,9,10,0,0,24,19,0,0,0,0,0,,0,0,0,0,0,0,0,0,0,,0,0,0,0,,,,0,0,0,0,0,0
2021-08-15,0,0,0,0,,17,37,0,0,0,0,0,0,0,11,0,0,0,0,0,0,0,0,0,0,0,0,0,0,0,0,0,0,0,0,0,0,0,12,10,0,0,34,30,0,0,0,0,0,,0,0,0,0,0,0,0,0,0,,0,0,0,0,,,,0,0,0,0,0,0
2021-08-22,0,0,0,0,,13,31,0,0,0,0,0,0,0,11,0,0,0,0,0,0,0,0,0,0,0,0,0,0,0,0,0,0,0,0,0,0,0,7,7,0,0,35,27,0,0,0,0,0,,0,0,0,0,0,0,0,0,0,,0,0,0,0,,,,0,0,0,0,0,0
2021-08-29,0,0,0,0,,15,34,0,0,0,0,0,2,0,11,0,0,0,0,0,0,0,0,0,0,0,100,0,0,0,0,0,0,0,0,0,0,0,9,8,0,0,29,17,0,0,0,0,0,,0,0,0,0,0,0,0,0,0,,0,48,0,0,,,,0,0,0,0,0,0
2021-09-05,0,0,0,0,,14,48,0,0,0,0,0,0,0,13,0,0,0,0,0,0,0,0,0,0,0,0,0,0,0,0,0,0,0,0,0,0,0,9,10,0,0,29,20,0,0,0,0,0,,0,0,0,0,0,0,0,0,0,,0,0,0,0,,,,0,0,0,0,0,0
2021-09-12,0,0,0,0,,13,29,0,0,0,0,0,0,0,8,0,0,0,0,0,0,0,0,0,0,0,0,0,0,0,0,0,0,0,0,0,0,0,8,8,0,0,27,20,0,0,0,0,0,,0,0,0,0,0,0,0,0,0,,0,0,0,0,,,,0,0,0,0,0,0
2021-09-19,0,0,0,0,,9,28,0,0,0,0,0,0,0,6,0,0,0,0,0,0,0,0,0,0,0,0,0,0,0,0,0,0,0,0,0,0,0,7,5,0,0,18,13,0,0,0,0,0,,0,0,0,0,0,0,0,0,0,,0,0,0,0,,,,0,0,0,0,0,0
2021-09-26,0,0,0,0,,13,41,0,0,0,0,0,1,0,11,0,0,0,0,0,0,0,0,0,0,0,0,0,0,0,0,0,0,0,0,0,0,0,12,8,0,0,23,13,0,0,0,0,0,,0,0,0,0,0,0,0,0,0,,0,0,0,0,,,,0,0,0,100,0,0
2021-10-03,0,0,0,0,,15,30,0,0,0,0,0,0,0,14,0,0,0,0,0,0,0,0,0,0,0,0,0,0,0,0,0,0,0,0,0,0,0,26,12,0,0,44,18,0,0,0,0,0,,0,0,0,0,0,0,0,0,0,,0,0,0,0,,,,0,0,0,0,0,0
2021-10-10,0,0,0,0,,11,28,0,0,0,0,0,2,0,9,0,0,0,0,0,0,0,0,0,0,0,0,0,0,0,0,0,0,0,0,0,0,0,12,7,31,0,32,21,0,0,0,0,0,,0,0,0,0,0,0,0,0,0,,0,0,0,0,,,,0,0,0,0,0,0
2021-10-17,0,0,0,0,,14,22,0,0,0,0,0,1,0,13,0,0,0,0,0,0,0,0,0,0,0,0,0,65,0,0,0,0,0,0,0,0,0,17,12,30,0,38,25,0,0,0,0,0,,0,0,0,0,0,0,0,0,0,,0,57,0,0,,,,0,0,0,0,0,0
2021-10-24,0,0,0,0,,13,46,0,0,0,0,0,4,0,14,0,0,0,0,0,0,0,0,0,0,0,0,0,0,0,0,0,0,0,0,0,0,0,10,9,0,0,29,21,0,0,0,0,0,,0,0,0,0,0,0,0,0,0,,0,0,0,0,,,,0,0,0,0,0,58
2021-10-31,0,0,0,0,,20,45,0,0,0,0,0,11,55,16,0,0,0,0,0,0,0,0,0,0,100,0,0,0,0,0,0,0,0,0,0,0,0,8,19,0,0,24,21,0,0,0,0,0,,0,0,0,0,0,0,0,0,0,,0,0,0,0,,,,0,0,0,0,0,0
2021-11-07,0,0,0,0,,19,49,0,0,0,0,0,19,63,19,0,0,0,0,0,0,0,0,0,0,0,0,0,0,0,0,0,0,0,0,0,0,0,10,20,0,0,31,24,0,0,0,0,0,,0,0,0,0,0,0,0,0,0,,0,0,0,0,,,,0,0,0,0,0,0
2021-11-14,0,0,0,0,,25,50,0,0,0,0,0,31,100,18,0,0,0,0,0,0,0,0,0,0,0,0,0,0,0,0,0,0,0,0,0,0,0,9,18,0,0,30,41,0,0,0,0,0,,0,0,0,0,0,0,0,0,0,,0,58,0,0,,,,0,0,0,0,0,0
2021-11-21,0,0,0,0,,17,34,0,0,0,0,0,13,0,16,0,0,0,0,0,0,0,0,0,0,0,0,0,0,0,0,0,0,0,0,0,0,0,9,11,0,0,22,18,0,0,0,0,0,,0,0,0,0,0,0,0,0,0,,0,0,0,100,,,,0,0,0,0,0,0
2021-11-28,0,0,0,0,,17,36,0,0,0,0,0,11,0,16,0,0,0,0,0,0,0,0,0,0,0,0,0,0,0,0,0,0,0,0,0,0,0,7,9,0,0,24,24,0,0,0,0,0,,0,0,0,0,0,0,0,0,0,,0,0,0,0,,,,0,0,0,0,0,0
2021-12-05,0,0,84,0,,18,34,0,0,0,0,0,10,0,18,0,0,0,0,0,0,0,0,0,0,0,0,0,0,0,0,0,0,0,0,0,0,0,6,11,0,0,43,30,0,0,0,0,0,,0,0,0,0,0,0,100,0,0,,0,0,0,0,,,,0,0,0,0,0,0
2021-12-12,0,0,0,0,,17,44,0,0,0,0,0,8,0,15,0,0,0,0,0,0,0,0,0,0,0,0,0,0,0,0,0,0,0,0,0,0,0,3,10,0,0,46,19,0,0,0,0,0,,0,0,0,0,0,0,0,0,0,,0,0,0,0,,,,0,0,0,0,0,0
2021-12-19,0,0,0,0,,16,41,0,0,0,0,0,7,0,15,0,0,0,0,0,0,0,0,0,0,0,0,0,0,0,0,0,0,0,0,0,0,0,4,8,0,0,55,21,0,0,0,0,0,,0,0,0,0,0,0,0,0,0,,0,0,0,0,,,,0,0,0,0,0,0
2021-12-26,0,0,0,0,,13,22,0,0,0,0,0,6,0,13,0,0,0,0,0,0,0,0,0,0,0,0,0,0,0,0,0,0,0,0,0,0,0,5,7,0,0,23,16,0,0,0,0,0,,0,0,0,0,0,0,0,0,0,,0,0,0,0,,,,0,0,0,0,0,0
2022-01-02,0,0,0,0,,17,41,0,0,0,0,0,7,42,15,0,0,0,0,0,0,0,0,0,0,0,0,0,0,0,0,0,0,0,0,0,0,0,8,13,0,0,40,39,0,0,0,0,0,,0,0,0,0,0,0,0,0,0,,0,0,0,0,,,,0,0,0,0,0,0
2022-01-09,0,0,0,0,,16,39,0,22,0,0,0,8,0,14,0,0,0,0,0,0,0,0,0,0,0,0,0,0,0,0,0,0,0,0,0,0,0,6,11,0,0,32,48,0,0,0,0,0,,0,0,0,0,0,0,0,0,0,,0,54,0,0,,,,0,0,0,0,0,0
2022-01-16,0,0,0,0,,16,39,0,0,0,0,0,8,0,12,0,0,0,0,0,0,0,0,0,0,0,0,0,0,0,0,0,0,0,0,0,0,0,6,13,0,0,26,31,0,0,0,0,0,,0,0,0,0,0,0,0,0,0,,0,0,0,0,,,,0,0,0,0,0,0
2022-01-23,0,0,0,0,,16,32,0,0,0,0,0,5,0,12,0,0,0,0,0,0,0,0,0,0,0,0,0,0,0,0,0,74,0,0,0,0,0,6,13,0,0,26,31,0,0,0,0,0,,0,0,0,0,0,0,0,0,0,,0,0,0,0,,,,0,0,0,0,0,51
2022-01-30,0,0,0,0,,7,26,0,0,0,0,0,3,0,2,0,0,0,0,0,0,0,0,0,0,0,0,0,0,100,0,0,0,0,0,0,0,0,4,5,0,0,20,29,0,0,0,0,0,,0,0,0,0,0,0,0,0,0,,0,54,0,0,,,,0,0,0,0,0,51
2022-02-06,0,0,0,0,,34,79,0,0,0,0,0,6,0,20,0,0,0,0,0,2,0,0,0,0,0,0,0,0,0,0,0,0,95,0,0,0,0,9,26,0,0,40,53,0,0,0,0,0,,0,0,0,0,0,0,0,0,0,,0,100,0,0,,,,0,0,0,0,0,100
2022-02-13,0,0,0,0,,44,95,0,0,0,0,0,6,0,25,65,0,0,0,0,0,0,0,0,0,0,0,0,0,0,0,0,0,0,0,0,0,0,10,30,0,0,39,71,0,0,0,0,0,,68,0,0,0,0,0,0,0,0,,0,65,0,0,,,,0,0,0,0,0,78
2022-02-20,0,0,48,0,,46,100,0,0,0,0,0,6,0,26,0,0,0,0,0,0,0,0,0,0,0,0,0,0,0,0,0,0,0,0,0,0,0,9,27,0,0,32,61,0,0,0,0,0,,0,0,0,0,0,0,0,0,0,,0,53,0,0,,,,0,0,0,0,0,75
2022-02-27,0,0,0,0,,24,50,0,0,0,0,0,5,0,18,0,0,0,0,0,0,0,0,0,0,0,0,0,0,0,0,0,0,0,0,0,0,0,7,12,0,0,36,32,0,0,0,0,0,,0,0,0,0,0,0,0,0,0,,0,62,0,0,,,,0,0,0,0,0,52
2022-03-06,0,0,0,0,,37,76,0,0,0,0,0,4,0,24,0,0,0,0,0,0,0,0,0,0,0,0,0,0,0,0,0,0,0,0,0,0,0,8,19,0,0,37,56,0,0,0,0,0,,0,0,0,0,0,0,0,0,0,,0,52,0,0,,,,0,0,0,0,0,33
2022-03-13,0,0,0,0,,32,56,0,0,0,0,0,5,0,22,0,0,0,0,0,0,0,0,0,0,0,0,0,0,0,0,0,0,0,0,0,0,0,8,15,0,0,48,53,0,0,0,0,0,,0,0,0,0,0,0,0,0,0,,0,41,0,0,,,,0,0,0,0,0,35
2022-03-20,0,0,0,0,,28,51,0,0,0,0,0,6,0,18,0,0,0,0,0,0,0,0,0,0,0,0,0,48,0,0,0,0,0,0,0,0,0,7,18,0,0,32,46,0,0,0,0,0,,0,0,0,0,0,0,0,0,0,,0,40,0,0,,,,0,0,0,0,0,0
2022-03-27,0,0,0,0,,30,52,0,0,0,0,0,6,0,20,0,0,0,0,0,0,0,0,0,0,0,0,0,0,0,0,0,0,0,0,0,0,0,6,17,0,0,30,45,0,0,0,0,0,,58,0,0,0,0,0,0,0,0,,0,35,0,0,,,,0,0,0,0,0,0
2022-04-03,0,0,0,0,,22,46,0,0,0,0,0,6,0,15,0,0,0,0,0,0,0,0,0,0,0,0,0,0,0,0,0,0,0,0,0,0,0,7,14,0,0,26,46,0,0,0,0,0,,60,0,0,0,0,0,0,0,0,,0,0,0,0,,,,0,0,0,0,0,0
2022-04-10,0,0,0,0,,28,55,0,0,0,0,0,6,0,19,0,0,0,0,0,0,0,0,0,0,0,0,0,0,0,0,0,0,0,0,0,0,0,7,13,0,0,34,45,0,0,0,0,0,,61,0,0,0,0,0,0,0,0,,0,47,0,0,,,,0,0,0,0,0,0
2022-04-17,0,0,0,0,,31,57,0,0,0,0,0,5,0,22,0,0,0,0,0,0,0,0,0,0,0,0,0,0,0,0,0,0,0,0,0,0,0,6,15,28,0,22,37,0,0,0,0,0,,0,0,0,0,0,0,0,0,0,,0,44,0,0,,,,0,0,0,0,0,0
2022-04-24,0,0,0,0,,28,50,0,0,0,0,0,4,0,21,0,0,0,0,0,0,0,0,0,0,0,0,0,0,0,0,0,0,0,0,0,0,0,6,15,0,100,24,37,0,0,0,0,0,,0,0,0,0,0,0,0,0,0,,0,0,0,0,,,,0,0,100,0,0,39
2022-05-01,0,0,0,0,,33,60,0,0,0,0,0,3,0,17,0,0,0,0,0,0,0,0,0,0,0,0,0,0,0,0,0,0,0,0,0,0,0,5,24,0,0,27,32,0,0,0,0,0,,0,0,0,0,0,0,0,0,0,,0,0,0,0,,,,0,0,0,0,0,0
2022-05-08,0,0,0,0,,39,57,0,0,0,0,0,5,0,24,0,0,0,0,0,0,0,0,0,0,0,0,0,0,0,0,0,0,0,0,0,0,0,6,17,0,0,30,49,0,0,0,0,0,,0,0,0,0,0,0,0,0,0,,0,0,0,0,,,,0,0,0,0,0,0
2022-05-15,0,0,0,0,,40,66,0,0,0,0,0,3,0,26,0,0,0,0,0,0,0,0,0,0,0,0,0,0,0,0,0,0,0,0,0,0,0,6,20,0,0,23,45,0,0,0,0,0,,0,0,0,0,0,0,0,0,0,,0,0,0,0,,,,0,0,0,0,0,0
2022-05-22,0,0,0,0,,30,30,0,0,0,0,0,3,0,20,0,0,0,0,0,0,0,0,0,0,0,0,0,0,0,0,0,0,0,0,0,0,0,5,12,0,0,20,45,0,0,0,0,0,,0,0,0,0,0,0,0,0,0,,0,0,0,0,,,,0,0,0,0,0,0
2022-05-29,0,0,0,0,,25,40,0,0,0,0,0,2,0,19,0,0,0,0,0,0,0,0,0,0,0,0,0,0,0,0,0,0,0,0,0,0,0,4,10,0,0,30,41,0,0,0,0,0,,0,0,0,0,0,0,0,0,0,,0,0,0,0,,,,0,0,0,0,0,0
2022-06-05,0,0,0,0,,26,33,0,0,0,0,0,3,0,17,0,0,0,0,0,0,0,0,0,0,0,0,0,0,0,0,0,0,0,0,0,0,0,6,13,0,0,38,31,0,0,0,0,0,,0,0,0,0,0,0,0,0,0,,0,0,0,0,,,,0,0,0,0,55,0
2022-06-12,0,0,0,0,,30,49,0,0,0,0,0,4,0,22,0,0,0,0,0,0,0,0,0,0,0,0,0,0,0,0,0,0,0,0,0,0,0,7,15,0,0,50,37,0,0,0,0,0,,66,0,0,0,0,0,0,0,0,,0,0,0,0,,,,0,0,0,0,0,0
2022-06-19,0,0,0,0,,37,46,0,0,0,0,0,2,0,28,0,0,0,0,0,0,0,0,0,0,0,0,0,0,0,0,0,0,0,0,0,0,0,9,15,0,0,56,46,0,0,0,0,0,,0,0,0,0,0,0,0,0,0,,0,0,0,0,,,,0,0,0,0,0,32
2022-06-26,0,0,0,0,,33,48,0,0,0,0,0,3,0,33,0,0,0,0,0,0,0,0,0,0,0,0,0,0,0,0,0,0,0,0,0,0,0,10,12,0,0,39,37,0,0,0,0,0,,0,0,0,0,0,0,0,0,0,,0,0,0,0,,,,0,0,0,0,0,0
2022-07-03,0,0,0,0,,32,42,0,0,0,0,0,2,0,30,0,0,0,0,0,0,0,0,0,0,0,0,0,0,0,0,0,0,0,0,0,0,0,11,13,0,0,36,41,0,0,0,0,0,,0,0,0,0,0,0,0,0,0,,0,0,0,0,,,,0,0,0,0,0,0
2022-07-10,0,0,0,0,,31,44,0,0,0,0,0,3,0,29,0,0,0,0,0,0,0,0,0,0,0,0,0,49,0,0,0,0,0,0,0,0,0,8,11,0,0,28,35,0,0,0,0,0,,0,0,0,0,0,0,0,0,0,,0,0,0,0,,,,0,0,0,0,0,0
2022-07-17,0,0,0,0,,30,42,0,0,0,0,0,2,0,28,0,0,0,0,0,0,0,0,0,0,0,0,0,0,0,0,0,0,0,0,0,0,0,8,12,0,0,27,31,0,0,0,0,0,,0,0,0,0,0,0,0,0,0,,0,0,0,0,,,,0,0,0,0,0,0
2022-07-24,0,0,0,0,,29,42,0,0,0,0,0,6,0,24,0,0,0,0,0,0,0,0,0,0,0,0,0,0,0,0,0,0,0,0,0,0,0,8,16,0,0,22,29,0,0,0,0,0,,0,0,0,0,0,0,0,0,0,,0,47,0,0,,,,0,0,0,0,0,0
2022-07-31,0,0,0,0,,48,60,0,0,0,0,0,7,0,32,0,0,0,0,0,0,0,0,0,0,0,0,0,0,63,0,0,0,0,0,0,0,0,10,33,0,0,20,45,0,0,0,0,0,,0,0,0,0,0,0,0,0,0,,0,33,0,0,,,,0,0,0,0,0,0
2022-08-07,0,0,0,0,,41,55,0,0,0,0,0,4,0,27,0,0,0,0,0,0,0,0,0,0,0,0,0,0,0,0,0,0,0,0,0,0,0,9,23,0,85,19,30,0,0,0,0,0,,0,0,0,0,0,0,0,0,0,,0,0,0,0,,,,0,0,0,0,0,0
2022-08-14,0,0,0,0,,51,63,0,0,0,0,0,5,0,33,0,0,0,0,0,0,0,0,0,0,0,0,0,0,0,0,0,0,0,0,0,0,0,12,28,0,0,19,48,0,0,0,0,0,,0,0,0,0,0,0,0,0,0,,0,34,0,0,,,,0,0,0,0,0,0
2022-08-21,0,0,0,0,,44,41,0,0,0,0,0,6,0,31,0,0,0,0,0,0,0,0,0,0,0,0,0,0,0,0,0,0,0,0,0,0,0,10,19,0,0,18,42,0,0,0,0,0,,0,0,72,0,0,0,0,0,0,,0,0,0,0,,,,0,0,0,0,0,0
2022-08-28,0,0,0,0,,44,60,<1,0,0,0,0,14,29,32,0,0,0,0,0,0,0,0,0,0,0,0,0,0,0,0,0,0,0,0,0,0,0,10,20,0,0,25,50,0,0,0,0,0,,0,0,0,0,0,0,0,0,0,,0,42,0,0,,,,0,0,0,0,0,0
2022-09-04,0,0,0,0,,38,47,<1,0,0,0,0,14,0,26,0,0,0,0,0,0,0,0,0,0,0,0,0,0,0,0,0,0,0,0,0,0,0,10,18,0,0,23,37,0,0,0,0,0,,0,0,0,0,0,0,0,0,0,,0,0,0,0,,,,0,0,0,0,0,0
2022-09-11,0,0,0,0,,44,50,1,0,0,0,0,33,52,32,0,0,0,0,0,0,0,0,0,0,0,0,0,0,0,0,0,0,0,0,0,0,0,10,22,0,0,20,36,0,0,0,0,0,,69,0,0,0,0,0,0,0,0,,0,0,0,0,,,,0,0,0,0,0,0
2022-09-18,0,0,0,0,,41,62,3,0,0,0,0,17,0,27,0,0,0,0,0,0,0,0,0,0,0,0,0,0,0,0,0,0,0,0,0,0,0,14,20,0,0,27,35,3,0,0,0,0,,0,0,0,0,0,0,0,0,0,,0,0,0,0,,,,0,0,0,0,0,0
2022-09-25,0,0,0,0,,47,56,3,15,0,0,0,16,0,42,0,0,0,0,0,0,0,0,0,0,0,0,0,0,0,0,0,0,0,0,0,0,0,19,17,0,0,36,50,5,0,0,0,0,,0,0,0,0,0,0,0,0,0,,0,0,0,0,,,,0,0,0,0,0,0
2022-10-02,0,0,0,0,,48,69,5,38,0,0,0,12,0,45,0,0,0,0,0,0,0,0,0,0,0,0,0,0,0,0,0,0,0,0,0,0,0,36,21,32,0,43,41,5,0,0,0,0,,0,0,0,0,0,0,0,0,0,,0,55,0,0,,,,0,0,0,0,0,0
2022-10-09,0,0,0,0,,44,48,2,0,0,0,0,9,0,48,0,0,0,0,0,0,0,0,0,0,0,0,0,0,0,0,0,0,0,0,0,0,0,15,21,0,0,42,44,0,0,0,0,0,,0,0,0,0,0,0,0,0,0,,100,0,0,0,,,,0,0,0,0,0,0
2022-10-16,0,0,0,0,,42,48,4,18,0,0,0,8,0,49,0,0,0,0,0,0,0,0,0,0,0,0,0,0,0,0,0,0,0,0,0,0,0,23,21,40,0,63,41,4,0,0,0,0,,100,0,0,0,0,0,0,0,0,,0,61,0,0,,,,0,0,0,0,0,0
2022-10-23,0,0,0,0,,40,42,2,0,0,0,0,7,0,42,0,0,0,0,0,0,0,0,0,0,0,0,0,0,0,0,0,0,0,0,0,0,0,10,18,0,0,32,36,2,0,0,0,0,,0,0,0,0,0,0,0,0,0,,0,0,0,0,,,,0,0,0,0,0,0
2022-10-30,0,0,0,0,,50,62,1,0,0,0,0,9,0,42,0,0,0,0,0,0,0,0,0,0,0,0,0,0,0,0,0,0,0,0,0,0,0,12,45,0,0,31,40,0,0,0,0,0,,0,0,0,0,0,0,0,0,0,,0,0,0,0,,,,0,0,0,0,0,0
2022-11-06,0,0,0,0,,50,55,2,0,0,0,0,8,0,40,0,0,0,0,0,0,0,0,0,0,0,0,0,0,0,0,0,0,0,0,0,0,0,10,21,0,0,32,33,2,0,0,0,0,,0,0,0,0,0,0,0,0,0,,0,0,0,0,,,,0,0,0,0,0,0
2022-11-13,0,0,0,0,,49,53,3,0,0,0,0,10,0,43,0,0,0,0,0,0,0,0,0,0,0,0,0,0,0,0,0,0,0,0,0,0,0,12,28,49,0,26,30,3,0,0,0,0,,0,0,83,0,0,0,0,0,0,,0,0,0,0,,,,0,0,0,0,0,0
2022-11-20,0,0,0,0,,38,36,3,0,0,0,0,8,0,36,0,0,0,0,0,0,0,0,0,0,0,0,0,0,0,0,0,88,0,0,0,0,0,11,15,27,0,23,45,4,0,0,0,0,,0,0,0,0,0,0,0,0,0,,0,0,0,0,,,,0,0,0,0,0,0
2022-11-27,0,0,0,0,,40,32,3,14,0,0,0,16,0,36,0,0,0,0,0,0,0,0,0,0,0,0,0,0,0,0,0,0,0,0,0,0,0,7,19,34,0,44,42,4,0,0,0,0,,0,0,0,0,0,0,0,0,0,,0,0,0,0,,,,0,0,0,0,0,0
2022-12-04,0,0,0,0,,37,40,3,0,0,0,0,22,0,33,0,0,0,0,0,0,0,0,0,0,0,0,0,0,0,0,0,0,0,0,0,0,0,7,19,0,0,59,36,4,0,0,0,0,,0,0,0,0,0,0,0,0,0,,0,0,0,0,,,,0,0,0,0,0,0
2022-12-11,0,0,0,0,,38,44,2,0,0,0,0,29,35,34,0,0,0,0,0,0,0,0,0,0,0,0,0,0,0,0,0,0,0,0,0,0,0,5,22,0,0,66,34,2,0,0,0,0,,0,0,0,0,0,0,0,0,0,,0,32,0,0,,,,0,0,0,0,0,0
2022-12-18,0,0,0,0,,37,42,2,0,0,0,0,24,0,32,0,0,0,0,0,0,0,0,0,0,0,0,0,0,0,0,0,0,78,0,0,0,0,7,17,0,0,58,30,3,0,0,0,0,,0,0,0,0,0,0,0,94,0,,0,0,0,0,,,,0,0,0,0,0,0
2022-12-25,0,0,0,0,,35,38,2,0,0,0,0,17,0,33,0,0,0,0,0,0,0,0,0,0,0,0,0,0,0,0,0,0,0,0,0,0,0,6,14,0,0,32,28,2,0,0,0,0,,0,0,0,0,0,0,0,0,0,,0,0,0,0,,,,0,0,0,0,0,0
2023-01-01,0,0,0,0,,32,27,2,0,0,0,0,16,0,30,0,0,0,0,0,0,0,0,0,0,0,0,0,0,0,0,0,0,0,0,0,0,0,8,17,0,0,19,27,2,0,0,0,0,,0,0,0,0,0,0,0,0,0,,0,33,0,0,,,,0,0,0,0,0,0
2023-01-08,0,0,0,0,,39,40,1,0,0,0,0,16,0,35,0,0,0,0,0,0,0,0,0,0,0,0,0,0,0,0,0,0,0,0,0,0,0,7,21,0,0,18,34,0,0,0,0,0,,0,0,0,0,0,0,0,0,0,,0,47,0,0,,,,0,0,0,0,0,0
2023-01-15,0,0,0,0,,27,21,1,0,0,0,0,10,0,24,0,0,0,0,0,0,0,0,0,0,0,0,0,0,0,0,0,0,0,0,0,0,0,6,19,0,0,18,23,0,0,0,0,0,,0,0,100,0,0,0,0,0,0,,0,0,0,0,,,,0,0,0,0,0,0
2023-01-22,0,0,0,0,,13,11,1,0,0,0,0,7,0,9,0,0,0,0,0,0,0,0,0,0,0,0,0,0,0,0,0,0,0,0,0,0,0,5,14,0,0,15,18,0,0,0,0,0,,0,0,0,0,0,0,0,0,0,,0,0,0,0,,,,0,0,0,0,0,0
2023-01-29,0,0,0,0,,56,77,2,0,8,0,0,24,0,43,0,0,0,0,0,0,0,0,0,0,0,0,0,43,0,0,0,0,0,0,0,0,0,13,52,0,0,26,52,2,0,0,0,0,,0,0,0,0,0,0,0,0,0,,0,43,0,0,,,,0,0,0,0,0,40
2023-02-05,0,0,0,0,,63,66,3,0,0,0,0,22,37,44,0,0,0,0,0,0,0,0,0,0,0,0,0,0,0,0,0,0,0,0,0,0,0,10,43,0,0,25,50,2,0,0,0,0,,0,0,0,0,0,0,0,95,0,,0,36,0,0,,,,0,0,0,0,0,42
2023-02-12,0,0,0,0,,87,75,2,0,0,0,0,25,0,47,0,0,0,0,0,0,0,0,0,0,0,0,0,0,65,0,0,0,0,0,0,0,0,11,51,0,0,25,44,0,0,0,0,0,,72,0,0,0,0,0,0,0,0,,0,37,0,0,,,,0,0,0,0,0,46
2023-02-19,0,0,0,0,,59,58,2,0,0,0,0,29,41,44,0,0,0,0,0,0,0,0,0,0,0,0,0,0,79,0,0,0,0,0,0,0,0,10,37,0,0,27,43,3,0,0,0,0,,0,0,0,0,0,0,0,0,0,,0,36,0,0,,,,0,0,0,0,0,0
2023-02-26,0,0,0,0,,46,37,2,0,0,0,0,38,32,36,57,0,0,0,0,0,0,0,0,0,0,0,0,0,0,0,0,0,0,0,0,0,0,8,28,0,0,22,41,3,0,0,0,0,,73,0,0,0,0,0,0,0,0,,0,0,0,0,,,,0,0,0,0,0,0
2023-03-05,0,0,0,0,,65,61,2,0,0,0,0,54,51,43,0,0,0,0,0,0,0,0,0,0,0,0,0,0,0,0,0,0,0,0,0,0,0,9,38,0,0,25,53,2,0,0,0,0,,72,0,0,0,0,0,0,0,0,,0,0,0,0,,,,0,0,0,0,0,0
2023-03-12,0,0,0,63,,71,71,2,0,0,0,0,61,0,50,0,0,0,0,0,0,0,0,0,0,0,0,0,48,0,0,0,0,0,0,0,0,0,9,38,0,0,31,63,0,0,0,0,0,,0,0,0,0,0,0,0,0,0,,0,0,0,0,,,,0,0,0,0,0,42
2023-03-19,0,0,0,0,,58,52,2,0,0,0,0,49,34,41,0,0,0,0,0,0,0,0,0,0,0,0,0,0,0,0,0,0,0,0,0,0,0,7,33,0,0,24,42,0,0,0,0,0,,0,0,0,0,100,0,0,0,0,,0,0,0,0,,,,0,0,0,0,0,0
2023-03-26,0,0,0,0,,50,42,2,0,0,0,0,41,0,34,0,0,0,0,0,0,0,0,0,0,0,0,0,0,0,0,0,0,0,0,0,0,0,7,22,17,0,20,28,0,0,0,0,0,,0,0,0,0,0,0,0,0,0,,0,0,0,0,,,,0,0,0,0,0,33
2023-04-02,66,0,0,0,,32,30,1,0,0,0,0,25,0,23,0,0,0,0,0,0,0,0,0,0,0,0,0,0,0,0,0,0,0,0,0,0,0,6,20,0,0,14,21,0,0,0,0,0,,0,0,0,0,0,0,0,0,0,,0,38,0,0,,,,0,0,0,0,0,0
2023-04-09,0,0,0,0,,52,40,3,0,0,0,0,31,0,39,0,0,0,0,0,0,0,0,0,0,0,0,0,0,0,0,0,0,0,0,0,0,0,8,24,0,0,16,32,2,0,0,0,0,,0,0,0,0,0,0,0,0,0,,0,35,0,0,,,,0,0,0,0,0,32
2023-04-16,0,0,0,0,,49,55,2,0,0,0,0,31,29,37,0,0,0,0,0,0,0,0,0,0,0,0,0,0,0,0,0,0,0,0,0,0,0,7,24,0,0,19,24,3,81,0,0,0,,0,0,0,0,0,0,0,0,0,,0,0,0,0,,,,0,0,0,0,0,0
2023-04-23,0,0,0,0,,48,42,2,0,0,0,0,29,0,37,0,0,0,0,0,0,0,0,0,0,0,0,0,0,0,0,0,0,0,0,0,0,0,8,27,0,0,15,26,3,0,0,0,0,,0,0,0,0,0,0,0,0,0,,0,0,0,0,,,,0,0,0,0,0,0
2023-04-30,0,0,0,0,,57,53,2,0,0,0,0,28,0,35,0,0,0,0,0,0,0,0,0,0,0,0,0,0,64,0,0,0,0,0,0,0,0,10,60,0,0,15,42,2,0,0,0,0,,0,0,0,0,0,0,0,0,0,,0,0,0,0,,,,0,0,0,0,0,0
2023-05-07,0,0,0,0,,50,42,2,0,16,0,0,38,0,33,0,0,0,0,0,0,0,0,0,0,0,0,0,0,0,0,0,0,0,0,0,0,0,8,31,0,0,18,39,2,0,0,0,0,,0,0,0,0,0,0,0,0,0,,0,0,0,0,,,,0,0,0,0,0,0
2023-05-14,0,0,0,0,,66,60,2,0,11,0,0,41,0,38,0,0,0,0,0,0,0,0,0,0,0,0,0,0,0,0,0,0,0,0,0,0,0,8,42,20,0,13,37,2,0,0,0,0,,0,0,0,0,0,0,0,0,0,,0,0,0,0,,,,0,0,0,0,0,0
2023-05-21,0,0,0,0,,56,49,3,0,22,0,0,46,23,44,0,0,0,0,0,1,0,0,0,0,0,0,0,0,0,0,0,0,0,0,0,0,0,19,29,0,0,35,70,2,0,0,0,0,,0,0,0,0,0,0,0,0,0,,0,0,0,0,,,,0,0,0,0,0,0
2023-05-28,0,0,0,0,,66,53,8,15,0,0,0,66,0,58,0,0,0,0,0,2,0,0,0,0,0,0,0,0,0,0,0,0,0,0,0,0,0,21,33,0,0,51,63,6,0,0,0,0,,0,0,0,0,0,0,0,0,0,,0,44,0,0,,,,0,0,0,0,0,0
2023-06-04,0,0,0,0,,53,61,14,29,18,0,0,49,0,51,0,0,0,0,0,5,0,0,0,0,0,0,0,0,56,0,0,0,0,0,0,0,0,19,30,0,0,43,43,15,0,0,0,0,,66,0,0,0,0,0,0,0,0,,0,36,0,0,,,,0,0,0,0,0,31
2023-06-11,0,0,0,0,,66,59,18,50,24,0,0,56,25,61,0,0,0,0,0,7,0,0,0,0,0,0,0,0,0,0,0,0,0,0,0,0,0,22,37,0,0,47,50,14,0,0,0,0,,0,0,0,0,0,0,0,0,0,,0,0,0,0,,,,0,0,0,0,0,34
2023-06-18,0,0,0,0,,36,42,6,14,0,0,0,37,0,36,0,0,0,0,0,3,0,0,0,0,0,0,0,0,0,0,0,0,0,0,0,0,0,14,17,0,0,29,26,5,0,0,0,0,,0,0,0,0,0,0,0,0,0,,0,34,0,0,,,,0,0,0,0,0,0
2023-06-25,0,0,0,0,,45,52,7,0,9,0,0,38,0,44,0,0,0,0,0,4,0,0,0,0,0,0,0,0,0,0,0,0,0,0,0,0,0,20,20,0,0,23,21,4,0,0,0,0,,0,0,0,0,0,0,0,0,0,,0,42,0,0,,,,0,0,0,0,0,0
2023-07-02,0,0,0,0,,49,48,7,0,18,0,0,35,0,53,0,0,0,0,0,5,0,0,0,0,0,0,0,56,0,0,0,0,0,0,0,0,0,38,28,0,0,39,35,5,0,0,0,0,,0,0,0,0,0,0,0,0,0,,0,0,0,0,,,,0,0,0,0,0,0
2023-07-09,0,0,0,0,,60,75,7,34,34,0,0,31,0,68,0,0,0,0,0,7,0,0,0,0,0,0,0,0,0,0,0,0,0,0,0,0,0,27,35,0,0,57,85,6,0,0,0,0,,0,0,0,0,0,0,0,0,0,,0,0,0,0,,,,0,0,0,0,0,0
2023-07-16,0,0,0,0,,70,80,7,0,49,0,0,32,0,73,0,0,0,0,0,9,0,0,0,0,0,0,0,0,0,0,0,0,0,0,0,0,0,25,38,49,0,62,80,4,0,0,0,0,,0,0,0,0,0,0,0,0,0,,0,38,0,0,,,,0,0,0,0,0,53
2023-07-23,0,0,0,0,,65,79,7,16,31,0,0,30,0,67,0,0,0,0,0,10,0,0,0,0,0,0,0,50,0,0,0,0,0,0,0,62,0,17,37,31,0,53,79,9,0,0,0,0,,68,0,0,0,0,0,0,0,0,,0,0,0,0,,,,0,0,0,0,0,0
2023-07-30,0,0,0,0,,77,74,6,0,39,0,0,26,0,61,0,0,0,0,0,8,0,0,0,0,0,0,0,0,0,0,0,0,0,0,0,0,0,17,65,0,0,42,64,5,0,0,0,0,,0,0,0,0,0,0,0,0,0,,0,37,0,0,,,,0,0,0,0,0,0
2023-08-06,0,0,0,0,,66,79,6,24,51,0,0,29,0,62,71,0,0,0,0,9,0,0,0,0,0,0,0,0,0,0,0,0,0,0,0,0,0,22,43,0,0,32,43,5,0,0,0,0,,0,0,0,0,0,0,0,0,0,,0,43,0,0,,,,0,100,0,0,0,0
2023-08-13,0,0,0,0,,75,68,5,18,73,0,0,29,0,55,0,0,0,0,0,8,0,0,0,0,0,0,0,0,64,0,0,0,0,0,0,0,0,16,52,0,0,33,41,4,0,0,0,0,,0,0,0,0,0,0,0,0,0,,0,0,0,0,,,,100,0,0,0,0,0
2023-08-20,0,0,0,0,,54,51,11,25,40,0,0,24,26,53,0,0,0,0,0,13,0,0,0,0,0,0,0,0,0,0,0,0,0,0,0,0,0,11,27,0,0,23,29,12,0,0,0,0,,0,0,0,0,0,0,0,0,0,,0,53,0,0,,,,0,0,0,0,0,0
2023-08-27,0,0,0,0,,54,55,15,38,48,0,0,34,30,50,0,0,0,0,0,24,0,0,0,0,0,0,0,0,0,0,0,0,0,0,0,0,0,11,29,0,0,29,40,15,0,0,0,0,,0,0,0,0,0,0,0,0,0,,0,0,0,0,,,,0,0,0,0,0,0
2023-09-03,0,0,0,0,,50,49,26,50,84,0,0,41,31,46,0,0,0,0,0,45,0,0,0,0,0,0,0,0,0,0,0,0,0,0,0,0,0,14,34,0,0,33,43,27,0,0,0,0,,0,73,0,0,0,0,0,0,0,,0,33,0,0,,,,0,0,0,0,0,0
2023-09-10,0,0,0,0,,63,71,33,73,76,0,0,40,25,51,0,0,0,0,0,65,0,0,0,0,0,0,0,0,0,0,0,0,0,0,0,0,0,14,36,0,0,30,53,28,0,0,0,0,,0,0,0,0,0,0,0,0,0,,0,0,0,0,,,,0,0,0,0,0,0
2023-09-17,0,100,0,0,,51,42,30,62,100,0,0,35,0,50,0,0,0,0,0,69,0,0,0,0,0,0,0,0,0,0,0,0,0,0,0,0,0,13,25,0,0,28,39,26,0,24,0,0,,0,0,0,0,0,0,0,0,0,,0,0,0,0,,,,0,0,0,0,0,0
2023-09-24,0,0,0,0,,37,41,16,32,39,0,0,24,0,33,0,0,0,0,0,35,0,0,0,0,0,0,0,0,0,0,0,0,0,0,0,0,0,12,18,0,0,16,23,10,0,0,0,0,,0,0,0,0,0,0,0,0,0,,0,0,0,0,,,,0,0,0,0,72,0
2023-10-01,0,0,0,0,,43,41,16,23,35,0,0,24,0,43,0,0,0,0,0,37,0,0,0,0,0,0,0,0,0,0,0,0,0,0,0,0,0,28,23,0,0,27,31,8,0,0,0,0,,76,0,0,0,0,0,0,0,0,,0,0,0,0,,,,0,0,0,0,0,0
2023-10-08,0,0,0,0,,31,28,12,24,30,0,0,19,0,33,0,0,0,0,0,26,0,0,0,0,0,0,0,0,68,0,0,0,0,0,0,0,0,17,21,0,0,26,30,8,0,0,0,0,,0,0,0,0,0,0,0,0,0,,0,37,0,0,,,,0,0,0,0,0,0
2023-10-15,0,0,0,0,,51,49,18,17,50,0,0,25,0,53,0,0,0,0,0,36,0,0,0,0,0,0,0,58,0,0,0,0,0,0,0,0,0,28,35,30,0,39,37,11,0,0,0,0,,0,0,0,0,0,0,0,0,0,,0,37,0,0,,,,0,0,0,0,0,0
2023-10-22,0,0,0,0,,53,48,17,44,39,0,0,23,0,53,74,0,0,0,0,34,0,0,0,0,0,0,0,0,0,0,0,0,0,0,0,0,0,14,30,0,0,24,41,13,0,0,0,0,,0,0,0,0,0,0,0,0,0,,0,0,0,0,,,,0,0,0,0,0,0
2023-10-29,0,0,0,0,,57,40,15,31,32,0,0,26,0,54,0,0,0,0,0,33,0,0,0,0,0,0,0,0,0,0,0,0,0,0,0,0,0,16,42,0,0,26,43,9,0,0,0,0,,0,0,0,0,0,0,0,0,0,,0,0,0,0,,,,0,0,0,0,0,37
2023-11-05,0,0,0,0,,53,52,16,36,52,0,0,23,33,51,0,0,0,0,0,32,0,0,0,0,0,0,0,0,0,0,0,0,0,0,0,0,0,19,34,0,0,24,42,9,0,0,0,0,,0,0,0,0,0,0,0,0,0,,0,0,0,0,,,,0,0,0,0,0,0
2023-11-12,0,0,0,0,,62,46,18,20,36,0,0,25,0,57,0,0,0,0,0,39,0,0,0,0,0,67,0,55,0,0,0,0,100,0,0,0,0,20,47,0,0,27,55,9,0,0,0,0,,0,0,0,0,0,0,0,0,0,,0,45,0,0,,,,0,0,0,0,0,0
2023-11-19,0,0,0,0,,56,51,21,31,40,0,0,29,0,50,0,0,0,0,0,44,0,0,0,0,0,0,0,0,0,0,0,0,0,0,0,0,0,14,31,0,82,35,86,12,100,0,0,0,,0,0,0,0,0,0,0,0,0,,0,45,0,93,,,,0,0,0,0,0,0
2023-11-26,0,0,0,0,,51,52,27,41,33,0,0,36,0,50,0,0,0,0,0,44,0,0,0,0,0,0,0,0,0,0,0,0,0,0,0,0,0,13,28,0,0,45,78,19,0,0,0,0,,0,0,0,0,0,0,0,0,0,,0,0,0,0,,,,0,0,0,0,0,36
2023-12-03,0,0,0,0,,45,38,36,59,45,0,0,40,0,44,0,0,0,0,0,55,0,0,0,0,0,0,0,0,0,0,0,0,0,0,0,0,0,13,33,0,0,39,43,28,0,34,0,0,,0,0,0,0,0,0,0,0,0,,0,0,0,0,,,,0,0,0,0,0,0
2023-12-10,0,0,43,0,,52,54,55,97,61,0,0,41,0,52,0,0,0,0,0,88,0,0,0,0,0,0,0,0,0,65,0,0,0,0,0,0,0,20,37,0,0,57,54,43,0,74,0,0,,0,71,0,0,0,0,0,0,0,,0,43,0,0,,,,0,0,0,0,0,0
2023-12-17,0,0,0,0,,44,39,41,77,50,0,0,37,0,48,0,0,0,0,0,67,0,0,0,0,0,0,0,0,0,0,0,0,0,0,0,0,0,17,21,0,0,40,39,37,0,100,0,0,,0,0,0,0,0,0,0,0,0,,0,0,0,0,,,,0,0,0,0,0,0
2023-12-24,0,0,0,0,,44,44,34,51,36,0,0,32,0,48,0,0,0,0,0,57,0,0,0,0,0,0,0,0,0,0,83,0,0,0,0,0,100,21,22,0,0,43,41,21,0,46,0,0,,0,0,0,0,0,0,0,0,0,,0,0,0,0,,,,0,0,0,0,0,0
2023-12-31,0,0,0,0,,38,41,27,54,48,0,0,25,0,43,0,0,0,0,0,49,0,0,0,0,0,0,0,0,0,0,0,0,0,0,0,0,0,33,25,0,0,29,36,16,0,0,0,0,,0,0,0,0,0,0,0,0,0,,0,64,0,0,,,,0,0,0,0,0,0
2024-01-07,0,0,0,0,,40,34,36,57,48,0,0,30,0,43,0,0,0,0,0,61,0,0,0,0,0,0,0,0,0,0,0,0,0,0,0,0,0,22,27,0,0,34,28,21,0,0,0,0,,0,0,0,0,0,0,0,0,0,,0,37,0,0,,,,0,0,0,0,0,0
2024-01-14,0,0,0,0,,47,34,36,54,47,0,0,29,0,53,0,0,0,0,0,70,0,0,0,0,0,0,0,0,0,0,0,0,0,0,0,0,0,31,34,25,0,39,35,21,0,29,0,0,,0,0,0,0,0,0,0,0,0,,0,36,0,0,,,,0,0,0,0,0,0
2024-01-21,0,0,0,0,,47,39,28,38,38,1,0,25,0,46,0,0,0,0,0,52,0,0,0,0,0,0,0,0,0,0,0,0,0,0,0,0,0,16,28,22,0,30,45,17,0,0,81,0,,0,0,0,0,0,0,0,0,0,,0,0,0,0,,,,0,0,0,0,0,0
2024-01-28,0,0,48,0,,51,25,24,31,29,4,0,26,0,40,0,0,0,0,0,43,2,0,0,0,0,0,0,0,0,0,0,0,0,0,0,0,0,15,49,0,0,27,36,13,0,0,0,0,,0,0,0,0,0,0,0,0,0,,0,0,0,0,,,,0,0,0,0,0,0
2024-02-04,0,0,0,0,,25,14,15,0,15,3,0,16,0,21,0,0,0,0,0,21,2,0,0,0,0,0,0,61,0,0,0,0,0,0,0,0,0,12,24,0,0,30,31,13,0,0,0,0,,0,0,0,0,0,0,0,0,0,,0,0,0,0,,,,0,0,0,0,0,0
2024-02-11,0,0,0,0,,42,35,22,32,36,5,13,22,0,35,0,0,0,0,0,36,5,0,0,0,0,0,0,0,0,0,0,0,0,0,0,0,0,17,41,0,0,34,41,16,0,0,0,0,,0,0,0,0,0,0,0,0,0,,0,0,0,0,,,,0,0,0,0,0,0
2024-02-18,0,0,0,0,,63,49,46,73,57,11,18,34,0,54,0,0,91,0,0,67,9,0,0,0,0,0,0,51,0,0,0,0,0,0,0,0,0,25,53,0,0,55,66,34,0,0,0,0,,0,0,0,0,0,0,0,0,0,,0,61,100,0,,,,0,0,0,0,0,48
2024-02-25,0,0,0,0,,64,43,50,80,41,17,17,38,0,46,0,0,0,0,0,65,16,0,0,0,0,0,0,0,0,0,0,0,0,0,0,0,0,16,53,0,0,34,65,42,0,0,0,0,,0,0,0,0,0,0,0,90,0,,0,0,0,0,,,,0,0,0,0,0,0
2024-03-03,0,0,45,0,,68,41,76,92,65,35,37,43,0,59,0,0,0,0,0,95,40,0,0,57,0,0,0,51,0,0,0,0,0,0,0,0,0,20,46,0,0,71,93,74,0,0,0,0,,0,0,0,0,0,0,0,0,0,,0,57,0,0,,,,0,0,0,0,0,56
2024-03-10,0,0,54,0,,61,50,100,100,43,100,100,45,0,56,66,0,0,0,0,100,100,0,0,100,0,0,0,0,0,0,0,100,0,0,0,0,0,19,42,0,0,84,97,100,0,30,0,0,,0,95,0,0,0,0,0,0,0,,0,57,0,0,,,,0,0,0,0,100,54
2024-03-17,0,0,0,0,,54,40,80,77,44,36,18,45,0,49,0,0,0,0,0,84,45,0,0,0,0,0,0,53,0,100,0,0,0,0,0,0,0,20,40,0,0,73,86,70,0,0,0,0,,0,0,0,0,0,0,0,84,0,,0,44,0,0,,,,0,0,0,0,0,0
2024-03-24,0,0,46,0,,47,45,49,52,29,29,0,31,0,41,65,0,0,0,0,63,28,0,0,0,0,0,100,0,0,0,0,0,0,0,0,0,0,20,31,0,0,39,53,32,0,0,0,0,,0,84,0,0,0,0,0,0,0,,0,65,0,0,,,,0,0,0,0,0,0
2024-03-31,0,0,0,0,,28,27,31,34,28,41,76,20,0,30,0,0,0,0,0,40,47,0,0,45,0,0,0,0,0,0,0,100,0,0,0,0,0,25,20,0,0,39,37,18,0,0,0,0,,0,0,0,0,0,0,0,0,0,,0,39,0,0,,,,0,0,0,0,0,0
2024-04-07,0,0,0,0,,42,27,35,48,26,19,32,26,0,41,0,0,0,0,0,51,46,0,0,0,0,0,0,0,0,0,0,0,0,0,0,0,0,20,23,0,0,46,41,19,0,0,0,0,,0,0,0,0,0,0,0,0,0,,0,0,0,0,,,,0,0,0,0,0,0
2024-04-14,0,0,0,0,,48,27,40,42,31,21,34,29,0,46,0,0,0,0,100,57,53,0,0,0,0,0,0,0,0,0,0,0,0,0,0,0,0,28,32,29,0,40,45,20,0,0,0,0,,0,0,0,0,0,0,0,0,0,,0,0,0,0,,,,0,0,0,0,0,0
2024-04-21,0,0,0,0,,43,29,33,35,33,15,35,25,0,37,0,0,0,0,0,53,45,0,0,0,0,0,0,0,0,0,0,0,0,0,0,0,0,13,25,27,0,26,29,15,0,0,0,0,,0,0,0,0,0,0,0,0,0,,0,0,0,0,,,,0,0,0,0,0,0
2024-04-28,0,0,0,0,,60,39,26,30,23,11,26,26,0,35,0,0,0,0,0,41,33,0,0,0,0,0,0,0,0,0,0,0,0,0,0,0,0,13,60,0,0,22,45,14,0,0,0,0,,0,0,0,0,0,0,0,0,0,,0,46,0,0,,,,0,0,0,0,0,0
2024-05-05,0,0,0,0,,55,35,27,21,35,17,26,28,0,39,0,0,0,0,0,42,37,0,0,0,0,0,0,0,0,0,0,0,0,0,0,0,0,17,43,0,0,30,52,14,0,0,0,0,,0,0,0,0,0,0,0,0,0,,0,0,0,0,,,,0,0,0,0,0,0
2024-05-12,0,0,0,0,,65,51,31,26,40,16,25,32,0,44,0,0,0,0,0,49,37,0,0,0,0,0,0,0,0,0,0,0,0,0,0,0,0,16,47,0,0,28,66,22,0,0,0,0,,0,0,0,0,0,0,0,0,0,,0,0,0,0,,,,0,0,0,0,0,0
2024-05-19,0,0,0,0,,51,30,30,21,35,12,16,33,0,39,0,0,0,0,0,46,36,0,0,0,0,0,0,0,0,0,0,0,0,0,0,0,0,12,31,0,0,30,54,19,0,36,0,0,,0,0,0,0,0,0,0,0,0,,0,0,0,0,,,,0,0,0,0,0,0
2024-05-26,0,0,0,0,,48,32,45,39,29,12,22,35,0,39,0,0,0,0,0,55,43,0,0,0,0,0,0,0,0,0,0,0,0,0,0,0,0,11,33,0,0,32,58,31,0,57,0,0,,0,0,0,0,0,0,0,0,0,,0,0,0,0,,,,0,0,0,0,0,0
2024-06-02,0,0,0,0,,52,34,41,52,40,11,16,68,0,40,0,0,0,0,0,55,38,0,0,0,0,0,0,0,0,0,0,0,0,0,0,58,0,13,42,0,0,50,59,31,0,59,0,0,,0,0,0,0,0,0,0,0,0,,0,43,0,0,,,,0,0,0,0,0,0
2024-06-09,0,0,0,0,,47,43,36,39,35,11,25,48,0,35,0,0,0,0,0,51,34,0,0,0,0,0,0,0,0,0,69,0,0,0,0,0,0,13,37,0,0,35,49,28,0,31,0,0,,0,0,0,0,0,0,0,0,0,,0,0,0,0,,,,0,0,0,0,0,0
2024-06-16,0,0,0,0,,49,30,42,35,36,16,30,75,0,38,0,0,0,0,0,64,47,0,0,0,0,0,0,0,0,0,0,0,0,0,0,0,0,17,32,0,0,51,51,28,0,0,0,0,,0,0,0,0,0,0,0,0,0,,0,41,0,0,,,,0,0,0,0,0,0
2024-06-23,0,0,0,0,,43,26,39,40,36,14,33,53,0,37,0,0,0,0,0,60,40,0,0,0,0,0,0,0,72,0,0,0,0,0,0,0,0,25,28,0,0,52,42,19,0,0,0,0,,0,0,0,0,0,0,0,0,0,,0,0,0,0,,,,0,0,0,0,0,0
2024-06-30,0,0,0,0,,44,30,33,48,35,10,29,53,28,40,0,0,0,0,0,54,36,0,0,0,0,0,0,64,0,0,0,0,0,0,0,0,0,24,30,0,0,47,41,17,0,0,0,0,,0,0,0,0,0,0,0,0,0,,0,52,0,0,,,,0,0,0,0,0,40
2024-07-07,0,0,57,0,,46,38,30,45,40,10,15,51,0,42,0,0,0,0,0,47,31,0,0,0,0,0,0,0,0,75,0,0,0,0,0,0,0,21,34,21,0,47,58,21,0,0,0,0,,0,0,0,0,0,0,0,0,0,,0,0,0,0,,,,0,0,0,0,0,38
2024-07-14,0,0,0,0,,49,34,38,46,46,12,18,58,0,43,0,0,0,0,0,51,30,0,0,0,0,0,0,0,0,0,0,0,0,0,0,0,0,22,40,26,0,40,40,21,0,0,0,0,,0,99,0,0,0,0,0,0,0,,0,55,0,0,,,,0,0,0,0,0,0
2024-07-21,0,0,41,0,,41,16,26,20,27,7,17,40,0,31,0,0,0,0,0,43,22,0,0,0,0,0,0,0,0,0,0,0,0,0,0,0,0,11,29,0,0,31,46,16,0,0,0,0,,0,0,0,0,0,0,0,0,0,,0,0,0,0,,,,0,0,0,0,0,0
2024-07-28,0,0,0,0,,70,40,45,25,39,9,24,46,0,43,0,0,0,0,0,49,27,0,0,0,0,0,0,0,0,0,0,0,0,0,0,0,0,15,72,0,0,37,53,15,0,0,0,0,,0,0,0,0,0,0,0,0,0,,0,0,0,0,,,,0,0,0,0,0,0
2024-08-04,0,0,42,0,,74,44,35,43,44,11,34,50,0,59,0,0,0,0,0,58,29,0,0,0,0,0,0,0,0,0,0,0,0,0,0,0,0,25,52,0,0,34,65,13,0,0,0,0,,0,0,0,0,0,0,0,0,0,,0,36,0,0,,,,0,0,0,0,0,0
2024-08-11,0,0,0,0,,69,45,28,21,35,8,16,38,0,43,0,0,0,0,0,44,21,0,0,0,0,0,0,0,0,0,0,0,0,0,0,0,0,12,52,0,0,18,37,9,0,0,0,0,,0,97,0,0,0,0,0,0,0,,0,0,0,0,,,,0,0,0,0,0,0
2024-08-18,0,0,0,0,,48,27,29,23,25,7,18,35,0,32,0,0,0,0,0,38,20,0,0,0,0,0,0,0,0,0,0,0,0,0,0,0,0,11,34,0,0,25,18,10,0,0,0,0,,0,0,0,0,0,0,0,0,0,,0,46,0,0,,,,0,0,0,0,0,0
2024-08-25,0,0,0,0,,45,31,40,24,26,6,0,49,0,34,0,0,0,0,0,42,20,0,0,0,0,0,0,0,0,0,0,0,0,0,0,0,0,11,32,0,0,24,29,9,0,0,0,0,,0,0,0,0,0,0,0,0,0,,0,0,0,0,,,,0,0,0,0,0,0
2024-09-01,0,0,0,0,,55,27,43,17,29,6,14,65,36,38,0,0,0,0,0,59,24,0,0,0,0,0,0,66,0,0,0,0,0,0,0,0,0,14,41,0,0,23,27,18,0,0,0,0,,0,0,0,0,0,0,0,0,0,,0,0,0,0,,,,0,0,0,0,0,0
2024-09-08,0,0,0,0,,56,27,35,42,30,5,15,56,0,39,0,0,0,0,0,44,21,0,0,0,0,0,0,0,0,0,0,0,0,0,0,0,0,13,41,0,0,26,36,15,0,0,0,0,,0,0,0,0,0,0,0,100,0,,0,0,0,0,,,,0,0,0,0,0,0
2024-09-15,0,0,0,0,,39,23,31,28,27,5,0,54,0,30,0,0,0,0,0,40,18,0,0,0,0,0,0,0,0,0,0,0,0,0,0,0,0,13,24,0,0,24,24,12,0,0,0,0,,0,0,0,0,0,0,0,0,0,,0,0,0,0,,,,0,0,0,0,0,0
2024-09-22,0,0,48,0,,41,23,35,49,24,7,0,46,0,36,0,0,0,0,0,43,22,0,0,0,0,0,0,0,0,0,0,0,0,0,0,0,0,20,28,0,0,17,31,12,0,0,0,0,,0,0,0,0,0,0,0,0,0,,0,0,0,0,,,,0,0,0,0,0,0
2024-09-29,0,0,0,0,,30,17,22,38,21,4,13,31,0,27,0,0,0,0,0,28,12,0,0,0,0,0,0,0,0,83,0,0,0,0,0,0,0,28,22,0,0,23,17,11,0,0,0,0,,0,0,0,0,0,0,0,0,0,,0,0,0,0,,,,0,0,0,0,0,0
2024-10-06,0,0,0,0,,39,20,28,36,26,5,0,41,32,34,0,0,0,0,0,34,19,0,0,0,0,0,0,60,0,0,0,0,0,0,0,0,0,19,27,0,0,22,28,12,0,0,0,0,,0,0,0,0,0,0,0,0,0,,0,0,0,0,,,,0,0,0,0,0,0
2024-10-13,0,0,0,0,,45,28,31,44,26,5,14,47,0,39,0,0,83,0,0,40,20,0,0,0,0,0,0,0,0,0,0,0,0,0,0,0,0,28,35,37,0,38,43,12,0,0,0,0,,0,0,0,0,0,0,0,0,0,,0,39,0,0,,,,0,0,0,0,0,0
2024-10-20,0,0,0,0,,47,31,25,0,21,6,0,37,0,35,0,0,0,0,0,35,17,0,0,0,0,0,0,0,0,0,0,0,0,0,0,0,0,14,41,0,0,32,34,14,0,0,0,0,,0,0,0,0,0,0,0,0,0,,0,0,0,0,,,,0,0,0,0,0,0
2024-10-27,0,0,0,0,,58,18,21,32,15,4,12,30,0,32,0,0,0,0,0,28,12,0,0,0,0,0,0,0,0,0,0,0,0,0,0,0,0,15,85,0,0,23,31,9,0,0,0,0,,0,0,0,0,0,0,0,0,0,,0,0,0,0,,,,0,0,0,0,0,0
2024-11-03,0,0,0,0,,54,25,26,31,37,5,0,44,0,43,0,0,0,0,0,35,19,0,0,0,0,0,0,0,0,0,0,0,0,0,0,0,0,18,41,0,0,22,41,10,0,0,0,0,,0,0,0,0,0,0,0,0,0,,0,0,0,0,,,,0,0,0,0,0,0
2024-11-10,0,0,0,0,,69,29,25,27,33,4,0,47,0,46,0,0,0,0,0,30,14,0,0,0,0,0,0,0,71,0,0,0,0,0,0,0,0,17,48,0,0,32,43,14,0,0,0,0,,0,0,0,0,0,0,0,0,0,,0,0,0,0,,,,0,0,0,0,0,0
2024-11-17,0,0,0,0,,60,40,25,34,20,5,0,42,0,40,0,0,0,0,0,29,17,0,0,0,0,0,0,0,0,0,0,0,0,0,0,0,0,10,35,0,0,29,41,13,0,0,0,0,,0,0,0,0,0,0,0,0,0,,0,0,0,0,,,,0,0,0,0,0,0
2024-11-24,0,0,0,0,,51,21,33,22,16,4,0,49,0,38,0,0,0,0,0,29,15,0,0,0,0,0,0,0,0,0,0,0,0,0,0,0,0,12,27,0,0,20,43,9,0,0,0,0,,0,100,0,0,0,0,0,0,0,,0,0,0,0,,,,0,0,0,0,0,0
2024-12-01,0,0,0,0,,54,26,43,30,48,5,0,58,0,40,0,0,0,0,0,54,19,0,0,0,0,0,0,0,0,0,0,0,0,0,0,0,0,14,39,0,0,52,40,19,0,0,0,0,,0,0,0,0,0,0,0,0,0,,0,0,0,0,,,,0,0,0,0,0,0
2024-12-08,0,0,0,0,,51,30,31,23,19,4,0,48,0,40,0,0,0,0,0,31,16,0,0,0,0,0,0,0,0,0,0,0,0,0,0,0,0,15,38,0,0,52,33,17,0,0,0,0,,0,0,0,0,0,0,0,0,0,,0,0,0,0,,,,0,0,0,0,0,0
2024-12-15,0,0,0,0,,46,22,34,38,18,4,0,57,0,36,0,0,0,0,0,27,18,0,0,0,0,0,0,0,0,0,0,0,0,0,0,0,0,15,24,0,0,37,39,14,0,0,0,0,,0,0,0,0,0,0,0,0,0,,0,0,0,0,,,,0,0,0,0,0,0
2024-12-22,0,0,0,0,,41,17,26,30,14,4,0,41,0,37,0,0,0,0,0,25,14,0,0,0,0,0,0,0,0,0,0,0,0,0,0,0,0,18,21,0,0,47,27,14,0,0,0,0,,0,0,0,0,0,0,0,0,0,,0,0,0,0,,,,0,0,0,0,0,0
2024-12-29,0,0,0,0,,38,20,19,34,17,3,0,37,0,37,0,0,0,0,0,18,9,0,0,0,0,0,0,0,0,0,0,0,0,0,0,0,0,30,25,0,0,30,30,9,0,0,0,0,,0,0,0,0,0,0,0,100,0,,0,0,0,0,,,,0,0,0,0,0,0
2025-01-05,0,0,0,0,,45,33,26,31,16,4,0,41,0,42,0,0,0,0,0,21,15,0,0,0,0,0,0,0,0,0,0,0,0,0,0,0,0,24,29,32,0,40,39,14,0,0,0,0,,0,0,0,0,0,0,0,0,0,,0,0,0,0,,,,0,0,0,0,0,0
2025-01-12,0,0,0,0,,51,33,30,18,12,4,0,40,0,42,0,0,0,77,0,21,13,0,0,0,0,0,0,0,0,0,0,0,0,0,0,0,0,25,34,0,0,33,38,12,0,0,0,0,,0,0,0,0,0,0,0,0,0,,0,0,0,0,,,,0,0,0,0,0,0
2025-01-19,0,0,0,0,,41,23,16,0,13,3,0,29,0,34,0,100,0,0,0,14,8,0,0,0,0,0,0,0,0,0,0,0,0,0,0,0,0,16,39,0,0,27,23,6,0,0,0,0,,0,0,0,0,0,0,0,0,0,,0,0,0,0,,,,0,0,0,0,0,0
2025-01-26,0,0,0,0,,13,0,4,0,0,1,0,12,0,8,0,0,0,0,0,3,0,0,0,0,0,0,0,0,0,0,0,0,0,0,0,0,0,7,23,0,0,15,14,4,0,0,0,0,,0,0,0,0,0,0,0,0,0,,0,0,0,0,,,,0,0,0,0,0,0
2025-02-02,0,0,0,0,,75,54,26,29,25,4,0,41,0,53,0,0,0,0,0,21,14,0,0,0,0,0,0,0,0,0,0,0,0,0,0,0,0,24,86,0,0,35,43,10,0,0,0,0,,0,0,0,0,0,0,0,0,0,,0,0,0,0,,,,0,0,0,0,0,0
2025-02-09,77,0,0,0,,57,27,23,26,13,3,0,41,0,47,0,0,0,0,0,20,15,0,0,0,0,0,0,0,0,0,0,0,0,0,0,0,0,22,45,30,0,27,29,7,0,0,0,0,,0,0,0,0,0,0,0,0,0,,0,0,0,0,,,,0,0,0,0,0,0
2025-02-16,0,0,0,0,,66,40,27,0,11,4,0,46,0,47,0,0,0,0,0,24,13,0,0,0,0,0,0,0,78,0,0,0,0,0,0,0,0,26,47,0,0,24,33,9,0,0,0,0,,0,0,0,0,0,0,0,0,0,,0,0,0,0,,,,0,0,0,0,0,0
2025-02-23,0,0,54,0,,46,20,37,37,12,4,0,46,0,40,0,0,0,0,0,23,13,0,0,0,0,0,0,0,0,0,0,0,0,0,0,0,0,14,32,0,0,16,22,10,0,0,0,0,,0,0,0,0,0,0,0,0,0,,0,0,0,0,,,,0,0,0,0,0,0
2025-03-02,0,0,0,0,,55,35,43,47,12,3,0,55,38,42,0,0,0,0,0,24,15,0,0,0,0,0,0,0,89,0,0,0,0,0,0,0,0,14,38,0,0,25,37,12,0,0,0,0,,0,0,0,0,0,0,0,0,0,,0,0,0,0,,,,0,0,0,0,0,0
2025-03-09,0,0,0,0,,61,39,39,38,15,3,15,55,0,48,0,0,0,0,0,24,14,0,0,0,0,0,0,0,0,84,0,0,0,0,0,0,0,16,44,0,0,35,33,15,0,0,0,0,,0,0,0,0,0,0,0,0,0,,0,0,0,0,,,,0,0,0,0,0,0
2025-03-16,0,0,46,0,,59,31,43,52,0,3,17,73,31,43,0,0,0,0,0,23,13,0,0,0,0,0,0,0,0,0,0,0,0,0,0,0,0,19,43,0,0,22,32,14,0,0,0,0,,0,0,0,0,0,0,0,0,0,,0,0,0,0,,,,0,0,0,0,0,0
2025-03-23,0,0,0,0,,49,16,29,21,0,3,0,57,0,43,0,0,0,0,0,16,13,0,0,0,0,0,0,0,0,84,0,0,0,0,0,0,0,23,24,0,0,26,25,9,0,0,0,0,,0,0,0,0,0,0,0,0,0,,0,0,0,0,,,,0,0,0,0,0,0
2025-03-30,0,0,0,0,,43,21,26,33,0,3,0,42,0,41,0,0,0,0,0,15,10,0,0,0,0,0,0,0,0,0,0,0,0,0,0,0,0,29,21,0,0,42,27,12,0,0,0,0,,0,0,0,0,0,0,0,0,0,,0,0,0,0,,,,0,0,0,0,0,0
2025-04-06,0,0,0,0,,100,64,48,65,23,6,17,100,37,100,0,0,0,0,0,30,23,0,0,0,0,0,0,0,0,0,0,0,0,0,0,0,0,37,47,0,0,100,100,29,0,0,0,0,,0,0,0,0,0,0,0,0,0,,0,47,0,0,,,,0,0,0,0,0,0
2025-04-13,0,0,0,0,,62,32,37,26,11,3,0,64,0,63,0,0,0,0,0,19,15,0,0,0,0,0,0,0,0,0,0,0,0,0,0,0,0,26,38,0,0,41,32,10,0,0,0,0,,0,0,0,0,0,0,0,0,0,,0,0,0,0,,,,0,0,0,0,0,0
2025-04-20,0,0,0,0,,48,16,24,23,13,3,0,40,0,43,0,0,0,0,0,12,11,0,0,0,0,0,0,0,0,0,0,0,0,0,0,0,0,25,30,37,0,27,26,8,0,0,0,0,,0,0,0,0,0,0,0,0,0,,0,0,0,0,,,,0,0,0,0,0,0
2025-04-27,0,0,0,0,,54,25,21,33,0,2,0,33,0,38,0,0,0,0,0,11,10,0,0,0,0,0,0,0,0,0,0,0,0,0,0,0,0,16,60,0,0,21,17,5,0,0,0,0,,0,0,0,0,0,0,0,0,0,,0,0,0,0,,,,0,0,0,0,0,0
2025-05-04,0,0,0,0,,46,25,22,24,0,2,0,37,0,44,0,0,0,0,0,12,10,0,0,0,0,0,0,0,0,0,0,0,0,0,0,0,0,15,32,0,0,20,20,5,0,0,0,0,,0,0,0,0,0,0,0,0,0,,0,0,0,0,,,,0,0,0,0,0,0
2025-05-11,0,0,0,0,,56,30,29,38,0,3,0,42,0,47,0,0,0,0,0,18,11,0,0,0,0,0,0,0,0,0,0,0,0,0,0,0,0,28,43,0,0,27,23,13,0,0,0,0,,0,0,0,0,0,0,0,0,0,,0,0,0,0,,,,0,0,0,0,0,0
2025-05-18,0,0,0,0,,50,26,28,27,0,3,0,39,0,40,0,0,0,0,0,15,9,0,0,0,0,0,0,0,0,0,0,0,0,0,0,0,0,13,32,0,0,19,37,11,0,32,0,0,,0,0,0,0,0,0,0,0,0,,0,0,0,0,,,,0,0,0,0,0,0
2025-05-25,0,0,0,0,,37,18,31,0,0,2,0,40,0,32,0,0,0,0,0,11,9,0,0,0,0,0,0,0,0,0,0,0,0,0,0,0,0,11,22,0,0,14,16,10,0,0,0,0,,0,0,0,0,0,0,0,0,0,,0,0,0,0,,,,0,0,0,0,0,0
2025-06-01,0,0,49,0,,46,27,48,43,0,2,0,46,0,36,0,0,0,0,0,19,10,0,0,0,0,0,0,0,0,0,0,0,0,0,0,0,0,14,33,0,0,29,38,25,0,35,0,0,,0,0,0,0,0,0,0,0,0,,0,41,0,0,,,,0,0,0,0,0,0
2025-06-08,0,0,0,0,,46,27,39,41,0,2,0,36,0,37,0,0,0,0,0,17,12,0,0,0,0,0,0,0,0,0,0,0,0,0,0,0,0,14,35,0,0,25,22,18,0,30,0,0,,0,0,0,0,0,0,0,0,0,,0,0,0,0,,,,0,0,0,0,0,0
2025-06-15,0,0,0,0,,38,16,40,44,0,2,0,50,0,35,0,0,0,0,0,12,11,0,0,0,0,0,0,0,0,0,0,0,0,0,0,0,0,17,23,0,0,27,22,15,0,0,0,0,,0,0,0,0,0,0,0,0,0,,0,0,0,0,,,,0,0,0,0,0,0
2025-06-22,0,0,0,0,,38,24,30,19,0,3,0,41,0,38,0,0,0,0,0,13,10,0,0,0,0,0,0,0,0,0,0,0,0,0,0,0,0,23,18,0,0,37,16,9,0,0,0,0,,0,0,0,0,0,0,0,0,0,,0,0,0,0,,,,0,0,0,0,0,0
2025-06-29,0,0,0,0,,37,23,29,0,10,2,0,38,0,39,0,0,0,0,0,14,10,0,0,0,0,0,0,0,0,0,0,0,0,0,0,0,0,32,19,0,0,26,15,8,0,0,0,0,,0,0,0,0,0,0,0,0,0,,0,0,0,0,,,,0,0,0,0,0,0
2025-07-06,0,0,0,0,,36,22,30,35,0,2,0,33,0,39,0,0,0,0,0,12,9,0,0,0,0,0,0,0,0,0,0,0,0,0,0,0,0,20,23,23,0,26,19,9,0,0,0,0,,0,0,0,0,0,0,0,0,0,,0,0,0,0,,,,0,0,0,0,0,0
2025-07-13,0,0,48,0,,41,16,29,37,0,2,0,31,0,41,0,0,0,0,0,14,10,0,0,0,0,0,0,0,0,0,0,0,0,0,0,0,0,22,29,0,0,14,13,7,0,0,0,0,,0,0,0,0,0,0,0,0,0,,0,57,0,0,,,,0,0,0,0,0,0
2025-07-20,0,0,0,0,,42,16,27,35,0,2,0,28,0,40,0,0,0,0,0,13,8,0,0,0,0,0,0,0,0,0,0,0,0,0,0,0,0,21,33,0,0,14,16,8,0,0,0,0,,0,0,0,0,0,0,0,0,0,,0,0,0,0,,,,0,0,0,0,0,0
2025-07-27,0,0,0,0,,62,17,30,37,0,2,0,28,0,43,0,0,0,0,0,15,10,0,0,0,0,0,0,0,0,0,85,0,0,0,0,0,0,16,67,0,0,19,22,12,0,0,0,0,,0,0,0,0,0,0,0,0,0,,0,0,0,0,,,,0,0,0,0,0,0
2025-08-03,0,0,0,0,,47,13,29,32,0,3,13,29,0,43,0,0,90,0,0,16,10,0,0,0,0,0,0,0,0,0,0,0,0,0,0,0,0,21,34,0,0,27,19,11,0,0,0,0,,0,0,0,0,0,0,0,0,0,,0,0,0,0,,,,0,0,0,0,0,0
2025-08-10,0,0,0,0,,44,30,27,0,0,2,0,32,0,35,0,0,0,0,0,12,10,0,0,0,0,0,0,0,0,0,0,0,0,0,0,0,0,13,32,0,0,28,29,13,0,0,0,0,,0,0,0,0,0,0,0,0,0,,0,0,0,0,,,,0,0,0,0,0,0
2025-08-17,0,0,0,0,,48,26,26,28,0,2,0,26,0,35,0,0,100,0,0,10,8,0,0,0,0,0,0,0,0,0,0,0,0,0,0,0,0,11,28,0,0,18,26,8,0,0,100,0,,0,0,0,0,0,0,0,0,0,,0,0,0,0,,,,0,0,0,0,0,0
2025-08-24,0,0,0,0,,37,16,37,33,0,2,0,32,0,31,0,0,0,0,0,15,11,0,0,0,0,0,0,60,0,0,0,0,0,0,0,0,0,11,22,0,0,21,24,9,0,0,0,0,,0,0,0,0,0,0,0,0,0,,0,0,0,0,,,,0,0,0,0,0,0
2025-08-31,0,0,0,0,,39,22,47,37,0,2,0,50,0,34,0,0,0,0,0,16,11,0,0,0,0,0,0,0,0,0,0,0,0,0,0,0,0,11,28,0,0,19,13,9,0,0,0,0,,0,0,0,0,0,0,0,0,0,,0,0,0,0,,,,0,0,0,0,0,0
2025-09-07,0,0,0,0,,42,27,33,43,11,3,0,32,0,35,0,0,0,0,0,13,11,0,0,0,0,0,0,0,0,0,0,0,0,0,0,0,0,18,29,0,0,29,34,13,0,0,0,0,,0,0,0,0,0,0,0,0,0,,0,0,0,0,,,,0,0,0,0,0,0
2025-09-14,0,0,0,0,,38,26,37,35,0,2,14,35,0,36,0,0,0,0,0,15,7,0,0,0,0,0,0,0,0,0,0,0,0,0,0,0,0,16,21,0,0,30,23,10,0,0,0,0,,0,0,0,0,0,0,0,0,0,,0,0,0,0,,,,0,0,0,0,0,0
2025-09-21,0,0,0,0,,33,20,26,29,0,3,0,29,0,34,0,0,0,0,0,14,9,0,0,0,0,0,0,0,0,0,0,0,0,0,0,0,0,20,17,0,0,31,24,12,0,0,0,0,,0,0,0,0,0,0,0,0,0,,0,0,0,0,,,,0,0,0,0,0,0
2025-09-28,0,0,0,0,,29,14,24,0,0,2,0,25,0,31,0,0,0,0,0,11,6,0,0,58,0,0,0,0,0,0,0,0,0,0,0,0,0,54,16,0,0,31,22,12,0,0,0,0,,0,0,0,0,0,0,0,0,0,,0,0,0,0,,,,0,0,0,0,0,56
2025-10-05,0,0,0,0,,27,16,22,22,0,2,0,24,0,29,0,0,0,0,0,9,6,0,0,0,0,0,0,0,0,0,0,0,0,0,0,0,0,19,18,0,0,31,22,11,0,0,0,0,,0,0,0,0,0,0,0,0,0,,0,0,0,0,,,,0,0,0,0,0,0
2025-10-12,0,0,51,0,,38,21,29,26,0,2,0,28,0,37,0,0,0,0,0,11,8,0,0,0,0,0,0,0,0,0,0,0,0,0,0,0,0,22,24,0,0,43,27,12,0,0,0,0,,0,0,0,0,0,0,0,0,0,,0,0,0,0,,,,0,0,0,0,0,0
2025-10-19,0,0,84,0,,29,11,20,22,0,2,0,22,0,28,0,0,0,0,0,9,5,0,0,0,0,0,0,0,0,0,0,0,0,0,0,0,0,21,20,0,0,31,23,6,0,0,0,0,,0,0,0,0,0,0,0,0,0,,0,0,0,0,,,,0,0,0,0,0,0
2025-10-26,0,0,0,0,,46,22,22,31,0,2,16,27,0,36,0,0,0,0,0,10,8,0,0,0,0,0,0,0,0,0,0,0,0,0,0,0,0,16,49,0,0,30,25,9,0,0,0,0,,0,0,0,0,0,0,0,0,0,,0,0,0,0,,,,0,0,0,0,0,0
2025-11-02,0,0,0,0,,38,18,20,25,0,2,0,23,0,35,0,0,0,0,0,9,7,0,0,0,0,0,0,0,0,0,0,0,0,0,0,0,0,17,25,0,0,26,21,8,0,0,0,0,,0,0,0,0,0,0,0,0,0,,0,0,0,0,,,,0,0,0,0,0,0
2025-11-09,0,0,0,0,,35,22,20,24,0,2,0,22,0,32,0,0,0,0,0,9,6,0,0,0,0,0,0,0,0,0,0,0,0,0,0,0,0,19,31,0,0,19,23,8,0,0,0,0,,0,0,0,0,0,0,0,0,0,,0,0,0,0,,,,0,0,0,0,0,0
2025-11-16,0,0,0,0,,47,29,22,22,0,2,0,26,0,38,0,0,0,0,0,10,7,0,0,0,0,0,0,66,0,0,0,0,0,0,0,0,0,14,28,0,0,37,33,5,0,0,0,0,,0,0,0,0,0,0,0,0,100,,0,0,0,0,,,,0,0,0,0,0,0
2025-11-23,0,0,0,0,,36,29,26,28,0,2,0,25,0,38,0,0,0,0,0,11,7,0,0,0,0,0,0,61,0,0,0,0,0,0,0,0,0,13,22,0,0,30,29,11,0,0,0,0,,0,0,0,0,0,0,0,0,0,,0,0,0,0,,,,0,0,0,0,0,0
2025-11-30,0,0,0,0,,39,24,39,32,15,2,0,38,0,41,0,0,0,0,0,17,10,0,0,0,0,0,0,0,0,0,0,0,0,0,0,0,0,15,29,0,0,22,18,11,0,0,0,0,,0,0,0,0,0,0,0,0,0,,0,0,0,0,,,,0,0,0,0,0,0
2025-12-07,0,0,0,0,,42,24,32,36,0,2,0,26,0,39,0,0,0,0,0,12,9,0,0,0,0,0,0,0,0,0,0,0,0,0,0,0,0,16,33,0,0,34,24,11,0,40,0,0,,0,0,0,0,0,0,0,0,0,,0,0,0,0,,,,0,0,0,0,0,0
2025-12-14,0,0,0,0,,32,15,38,40,0,2,0,35,0,37,0,0,0,0,0,10,10,0,0,0,0,0,0,0,0,0,0,0,0,0,0,0,0,14,19,0,0,34,22,21,0,38,0,0,,0,0,0,0,0,0,0,0,0,,0,57,0,0,,,,0,0,0,0,0,0
2025-12-21,0,0,0,0,,29,19,24,27,0,1,0,22,0,33,0,0,0,0,0,9,8,0,0,0,0,0,0,0,0,0,0,0,0,0,0,0,0,16,14,0,0,19,18,12,0,0,0,0,,0,0,0,0,0,0,0,0,0,,0,0,0,0,,,,0,0,0,0,0,0
2025-12-28,0,0,63,0,,28,22,22,25,0,2,0,22,0,32,0,0,0,0,0,12,7,0,0,0,0,0,0,0,0,0,0,0,91,0,0,0,0,46,17,0,0,29,16,11,0,0,0,0,,0,0,0,0,0,0,0,0,0,,0,0,0,0,,,,0,0,0,0,0,0
2026-01-04,0,0,0,0,,42,30,30,40,11,3,0,29,0,42,0,0,0,0,0,16,10,0,0,0,0,0,0,0,0,0,0,0,0,0,0,0,0,27,26,25,0,45,32,14,0,0,0,0,,0,0,0,0,0,0,0,0,0,,0,49,0,0,,,,0,0,0,0,87,0
2026-01-11,0,0,0,0,,39,36,30,37,16,3,14,27,0,38,0,0,0,0,0,18,8,0,0,0,0,0,0,0,0,0,0,0,0,0,0,0,0,24,28,35,0,36,23,14,0,0,0,0,,0,0,0,0,0,0,0,0,0,,0,45,0,0,,,,0,0,0,0,0,0
2026-01-18,0,0,47,0,,40,24,28,33,10,3,0,26,0,41,0,0,0,0,0,14,7,0,0,0,0,0,0,0,0,0,0,0,0,0,0,0,0,31,29,0,0,46,26,13,0,0,0,0,,0,0,0,0,0,0,0,0,0,,0,45,0,0,,,,0,0,0,0,0,0
2026-01-25,0,0,0,0,,51,34,26,29,15,3,13,24,0,43,0,0,0,0,0,14,8,0,0,0,0,0,0,0,79,0,0,0,0,0,0,0,0,18,43,37,0,43,35,14,0,37,0,0,,0,0,0,0,0,0,0,0,0,,0,0,0,0,,,,0,0,0,0,0,0
2026-02-01,0,0,54,0,,57,23,24,27,14,2,0,20,0,40,0,0,0,0,0,11,7,0,0,0,0,0,0,0,0,0,0,0,86,0,0,60,0,19,55,0,0,21,16,7,0,0,0,0,,0,0,0,0,0,0,0,0,0,,0,0,0,0,,,,0,0,0,0,0,0
2026-02-08,0,0,52,0,,35,10,18,33,0,2,0,21,0,36,0,0,0,0,0,9,5,0,0,0,0,0,0,0,85,0,0,0,0,0,0,0,0,18,28,0,0,24,13,7,0,0,0,0,,0,0,0,0,0,0,0,0,0,,0,0,0,0,,,,0,0,0,0,0,0
2026-02-15,0,0,0,0,,10,0,6,0,0,1,0,6,0,10,0,0,0,0,0,2,0,0,0,0,0,0,0,0,0,0,0,0,0,0,0,0,0,10,15,0,0,20,11,5,0,0,0,0,,0,0,0,0,0,0,0,0,0,,0,0,0,0,,,,0,0,0,0,0,0
2026-02-22,0,0,87,0,,52,38,31,49,0,4,13,28,0,42,0,0,0,0,0,12,7,0,0,0,0,0,0,77,80,0,0,0,0,0,0,100,0,20,44,0,0,46,39,12,0,0,0,100,,0,0,0,0,0,0,0,0,0,,0,46,0,0,,,,0,0,0,0,0,0
2026-03-01,0,0,0,0,,49,21,51,63,11,3,0,36,0,47,0,0,0,0,0,17,9,0,0,0,0,0,0,0,0,0,0,0,0,0,0,0,0,22,40,0,0,41,36,20,0,0,0,0,,0,85,0,0,0,0,0,0,0,,0,41,0,0,,,,0,0,0,0,0,0
2026-03-08,0,0,0,0,,43,24,39,81,0,2,0,21,0,41,0,0,0,0,0,12,7,0,0,0,0,0,0,53,0,99,0,0,0,0,0,0,0,18,33,0,0,31,23,10,0,0,0,0,,0,0,0,0,0,0,0,0,0,,0,0,0,0,,,,0,0,0,0,0,0
2026-03-15,0,0,44,0,,40,31,41,46,0,2,0,23,0,38,0,0,0,0,0,13,8,0,0,0,0,0,0,51,0,0,0,0,0,0,0,0,0,24,36,0,0,22,21,12,0,0,0,0,,0,0,0,0,0,0,0,0,0,,0,47,0,0,,,,0,0,0,0,0,0
2026-03-22,0,0,54,0,,38,23,33,38,16,2,0,18,0,40,0,0,0,0,0,11,6,0,0,0,0,0,0,0,0,0,0,0,0,0,0,0,0,26,27,0,0,22,19,10,0,0,0,0,,0,0,0,0,0,0,0,0,0,,0,37,0,0,,,,0,0,0,0,0,0
2026-03-29,0,0,0,0,,31,19,32,31,0,1,0,17,0,38,0,0,0,0,0,10,5,0,0,0,0,0,0,0,75,0,0,0,0,0,0,0,0,61,26,23,0,28,18,8,0,0,0,0,,0,98,0,0,0,0,0,0,0,,0,43,0,0,,,,0,0,0,0,0,0
2026-04-05,0,0,0,0,,33,20,30,32,0,2,0,18,0,33,0,0,0,0,0,11,5,0,0,0,0,0,0,0,0,0,0,0,0,0,0,0,0,30,25,0,0,29,13,11,0,0,0,0,,0,0,0,0,0,0,0,0,0,,0,0,0,0,,,,0,0,0,0,0,0
2026-04-12,0,0,57,0,,45,21,39,55,0,5,0,23,0,43,0,0,0,0,0,17,12,0,0,0,0,0,0,58,0,0,0,0,0,0,0,0,0,32,34,0,0,43,43,14,0,0,0,0,,0,0,0,0,0,0,0,0,0,,0,0,0,0,,,,0,0,0,0,0,0
2026-04-19,0,0,0,0,,59,47,38,48,17,4,0,23,0,48,0,0,0,100,0,15,9,0,0,0,0,0,0,61,0,0,100,0,0,0,0,0,0,51,63,41,0,51,44,18,0,0,0,0,,0,0,0,0,0,0,0,0,0,,0,44,0,0,,,,0,0,0,0,0,0
2026-04-26,0,0,51,0,,68,45,30,44,0,3,16,19,0,44,0,0,0,0,0,13,8,95,0,0,0,0,0,0,0,0,0,0,0,0,0,0,0,20,100,21,0,44,49,15,0,0,0,0,,0,0,0,0,0,0,0,0,0,,0,0,0,0,,,,0,0,0,0,0,0
2026-05-03,0,0,0,100,,64,67,45,57,19,4,0,25,0,60,100,0,0,0,0,18,7,0,0,0,0,0,0,0,90,0,0,0,0,0,0,0,0,28,54,38,0,64,76,25,0,0,0,0,,0,84,0,0,0,0,0,0,0,,0,72,0,0,,,,0,0,0,0,0,0
2026-05-10,0,0,61,85,,56,47,34,52,10,5,15,22,0,51,0,0,0,0,0,17,11,0,0,0,0,0,0,0,0,0,0,0,0,0,0,0,0,29,46,0,0,51,46,17,0,0,0,0,,81,0,0,0,0,0,0,0,0,,0,89,0,0,,,,0,0,0,0,0,0
2026-05-17,0,0,0,0,,56,28,32,43,12,3,0,19,0,45,0,0,0,0,63,14,8,0,0,0,0,0,0,55,0,76,0,0,0,0,0,0,0,15,40,0,0,33,35,14,0,0,0,0,,0,0,0,0,0,0,0,0,0,,0,37,0,0,,,,0,0,0,0,0,0
2026-05-24,0,0,0,0,,65,56,49,55,10,3,0,27,0,55,73,0,0,0,0,23,8,68,0,0,0,0,0,100,0,0,0,0,0,0,0,0,0,18,38,0,0,50,68,21,0,0,0,0,,0,0,0,0,0,0,0,0,0,,0,40,0,0,,,,0,0,0,0,0,0
2026-05-31,0,55,100,0,,66,57,91,98,17,3,0,48,0,57,0,0,88,0,76,27,12,100,0,0,0,0,0,0,74,0,0,0,0,0,0,0,0,22,49,0,0,87,86,52,0,84,0,0,,0,0,0,0,0,0,0,0,0,,0,50,0,0,,,,0,0,0,0,0,0
2026-06-07,100,0,64,0,,55,56,57,73,13,2,14,23,0,49,66,0,0,0,0,18,8,0,0,0,0,0,0,0,0,83,0,0,0,0,0,0,0,23,41,0,0,55,45,31,0,0,0,0,,0,0,0,0,0,0,0,0,0,,0,65,0,0,,,,0,0,0,0,0,0
2026-06-14,0,58,66,0,,43,46,50,60,11,2,0,28,0,39,0,0,0,0,0,13,7,73,0,0,0,0,0,0,0,0,0,0,72,0,0,0,0,23,30,0,0,60,38,22,0,0,0,0,,0,0,0,0,0,0,0,0,0,,0,57,0,0,,,,0,0,0,0,0,0
2026-06-21,0,0,43,0,,49,44,41,31,11,2,0,25,0,45,0,0,0,0,0,16,7,60,0,0,0,0,0,0,0,0,0,0,0,0,0,0,0,28,27,0,0,47,31,18,0,0,0,0,,0,0,0,0,0,0,0,0,0,,0,44,0,0,,,,0,0,0,0,0,0
2026-06-28,0,0,55,0,,39,25,40,34,12,2,0,19,0,43,0,0,0,0,0,16,7,0,0,0,0,0,0,0,0,0,0,0,0,0,0,0,0,100,28,0,0,47,26,17,0,0,0,0,,0,0,0,0,0,0,0,0,0,,0,0,0,0,,,,0,0,0,0,0,0
2026-07-05,0,0,60,0,,31,22,32,32,12,1,0,15,0,35,0,0,0,0,0,16,4,65,0,0,0,0,0,66,0,0,0,0,0,0,0,0,0,22,22,0,0,26,22,10,0,0,0,0,,76,0,0,0,0,0,0,0,0,,0,0,0,0,,,,0,0,0,0,0,0
2026-07-12,0,0,57,0,,40,20,42,40,12,1,0,20,0,43,0,0,0,0,0,23,5,72,0,0,0,0,0,97,0,0,0,0,0,0,0,0,0,29,29,0,0,31,20,10,0,0,0,0,,0,0,0,0,0,0,0,0,0,,0,48,0,0,,,,0,0,0,0,0,0
2026-07-19,0,0,54,96,,42,22,30,21,11,1,0,18,0,49,0,0,0,0,0,15,4,0,0,0,0,0,0,0,0,0,0,0,0,0,0,0,0,27,33,100,0,35,22,8,0,0,0,0,,0,0,0,0,0,0,0,0,0,,0,0,0,0,,,,0,0,0,0,0,0
2026-07-26,13,15,33,23,,66,25,29,21,8,1,3,20,6,48,16,0,34,22,33,15,3,26,61,4,7,0,0,27,24,22,5,0,19,75,63,11,0,23,90,4,0,29,23,9,0,0,0,0,,13,9,0,100,0,0,0,30,0,,8,22,9,0,,,,0,0,0,0,13,13
2026-08-02,16,22,48,26,,58,29,29,23,11,1,4,16,8,48,26,9,57,27,48,15,4,32,100,3,5,6,0,43,33,33,15,0,24,100,100,12,0,26,60,7,7,29,31,10,0,0,0,6,,22,20,0,78,0,88,6,55,0,,8,26,10,0,,,,0,0,0,0,12,12
2026-08-09,0,23,54,16,,50,28,27,26,8,1,2,14,6,45,12,0,44,0,47,14,4,37,0,0,0,0,0,48,41,28,12,0,20,93,0,0,0,50,50,8,0,25,27,8,0,0,0,0,,0,0,0,0,0,100,0,77,0,,0,32,0,0,,,,0,0,0,0,0,8
