Date,產業ETF,產業ETF推薦,產業ETF比較,產業ETF怎麼選,ETF怎麼選,ETF申購,半導體ETF風險,半導體庫存,半導體漲價,AI股修正,人形機器人ETF,綠能ETF,生技新藥,軍工ETF,航運ETF,能源ETF,金融ETF,5G ETF,新能源ETF,醫療ETF,ETF規模,ETF規模創新高,ETF單位數,ETF折溢價,ETF溢價過高,ETF淨值,ETF資金流入,科技ETF資金流入,ETF泡沫,ETF追高,ETF套牢,現在買半導體ETF會不會太晚,科技股修正,半導體下跌,AI ETF風險,產業ETF風險,產業ETF會賠錢嗎,ETF調整成分股,ETF換股,ETF調節,科技ETF成分股,產業ETF成分股,ETF換股名單,00892,富邦台灣半導體,00891,00935,野村台灣新科技50,中信綠能電動車,00935 除息,00893 淨值,00892 vs 00904,00891 vs 00892
2021-08-08,0,,0,0,0,4,0,0,0,0,0,0,0,0,0,0,0,73,0,0,0,0,0,0,,34,0,0,0,,0,0,0,0,0,,0,0,0,0,0,0,,76,76,28,0,0,0,0,100,0,
2021-08-15,0,,0,0,0,0,0,0,0,0,0,0,0,0,0,0,0,74,0,0,12,0,0,26,,29,0,0,0,,0,0,0,0,0,,0,0,0,0,0,0,,90,48,34,0,0,0,0,50,0,
2021-08-22,0,,0,0,0,0,0,0,0,0,0,46,0,0,0,0,0,0,0,0,0,0,0,0,,22,0,0,0,,0,0,0,0,0,,0,0,0,0,0,0,,82,58,28,0,0,31,0,49,0,
2021-08-29,0,,0,0,0,4,0,0,0,0,0,100,0,0,0,0,20,91,0,0,0,0,0,0,,25,0,0,0,,0,0,0,0,0,,0,0,0,0,0,0,,86,68,35,0,0,92,100,47,0,
2021-09-05,0,,0,0,0,0,0,0,0,0,0,62,0,0,0,0,18,0,0,0,0,0,0,0,,30,0,0,0,,0,0,0,0,0,,0,0,0,0,0,0,,75,77,29,0,0,61,0,45,0,
2021-09-12,0,,0,0,0,4,0,0,0,0,0,60,0,0,0,0,0,79,0,0,0,0,0,0,,23,0,0,0,,0,0,0,0,0,,0,0,0,0,0,0,,55,0,22,0,0,100,0,54,0,
2021-09-19,0,,0,0,91,0,0,0,0,0,0,33,0,0,0,0,0,0,0,0,0,0,0,0,,15,0,0,0,,0,0,0,0,0,,0,0,0,0,0,0,,42,0,18,0,0,41,0,0,0,
2021-09-26,0,,0,0,0,0,0,0,0,0,0,52,0,0,0,0,18,0,0,0,0,0,0,0,,24,0,0,0,,0,0,0,0,0,,0,0,0,0,0,0,,69,0,23,0,0,63,0,0,0,
2021-10-03,0,,0,0,0,0,0,0,0,0,0,29,0,0,0,38,22,46,0,0,0,0,0,0,,28,0,0,0,,0,0,0,0,0,,0,0,0,0,0,0,,69,0,29,0,0,40,0,0,0,
2021-10-10,0,,0,0,0,0,0,0,0,0,0,0,0,0,0,0,17,0,0,0,0,0,0,0,,23,0,0,0,,0,0,0,0,0,,0,0,0,0,0,0,,48,0,23,0,0,43,0,0,0,
2021-10-17,0,,0,0,0,0,0,0,0,0,0,0,0,0,0,0,22,0,0,0,0,0,0,21,,25,0,0,0,,0,0,0,0,0,,0,0,0,0,0,0,,56,0,22,0,0,26,0,0,0,
2021-10-24,0,,0,0,0,0,0,0,0,0,0,47,0,0,0,40,0,64,0,0,0,0,0,0,,26,0,0,0,,0,0,0,0,0,,0,0,0,0,0,0,,68,0,31,0,0,41,0,68,0,
2021-10-31,0,,0,0,0,0,0,0,0,0,0,0,0,0,0,59,21,50,0,0,0,0,0,0,,34,0,0,0,,0,0,0,0,0,,0,0,0,0,0,0,,79,82,35,0,0,37,0,60,0,
2021-11-07,0,,0,0,0,0,0,0,0,0,0,34,0,0,0,0,20,47,0,0,0,0,0,0,,31,0,0,0,,0,0,0,0,0,,0,0,0,0,0,0,,76,74,33,0,0,50,0,52,0,
2021-11-14,0,,0,0,0,4,0,0,0,0,0,24,0,0,0,0,42,0,0,0,0,0,0,0,,26,0,0,0,,0,0,0,0,0,,0,0,0,0,0,0,,100,76,39,0,0,69,0,0,0,
2021-11-21,0,,0,0,0,5,0,0,0,0,0,0,0,0,0,0,34,73,0,0,0,0,0,0,,36,0,0,0,,0,0,0,0,0,,0,0,0,0,0,0,,69,0,25,0,0,45,0,0,0,
2021-11-28,0,,0,0,0,5,0,0,0,0,0,0,0,0,0,0,16,0,0,0,0,0,0,0,,24,0,0,0,,0,0,0,0,0,,0,0,0,0,0,0,,61,0,23,0,0,42,0,0,0,
2021-12-05,0,,0,0,0,11,0,0,0,0,0,0,0,0,0,0,29,49,0,0,0,0,0,0,,32,0,0,0,,0,0,0,0,0,,0,0,0,0,69,0,,56,0,25,0,0,46,0,0,100,
2021-12-12,0,,0,0,0,4,0,0,0,0,0,0,0,78,0,0,29,67,0,0,0,0,0,0,,30,0,0,0,,0,100,0,0,0,,0,0,0,0,0,0,,47,0,22,0,0,63,0,0,0,
2021-12-19,0,,0,0,0,7,0,0,0,0,0,0,0,0,0,52,23,0,0,0,0,0,0,0,,41,0,0,0,,0,0,0,0,0,,0,0,0,0,0,0,,59,51,24,0,0,25,0,62,0,
2021-12-26,0,,0,0,0,6,0,0,0,0,0,49,0,0,0,54,28,0,0,0,0,0,0,24,,19,0,0,0,,0,0,0,0,0,,0,0,0,0,0,0,,48,0,22,0,0,41,0,50,0,
2022-01-02,0,,0,0,0,16,0,0,0,0,0,0,0,0,0,44,39,73,0,0,0,0,0,0,,32,0,0,0,,0,0,0,0,0,,0,0,0,0,0,0,,67,56,29,0,0,24,0,43,0,
2022-01-09,0,,0,0,0,14,0,0,0,0,0,0,0,0,0,71,64,73,0,0,0,0,0,26,,53,0,0,0,,0,0,0,0,0,,0,0,0,0,0,0,,50,100,28,0,0,30,0,0,0,
2022-01-16,0,,0,0,0,4,0,0,0,0,0,0,0,0,0,38,39,100,0,0,0,0,0,0,,43,0,0,0,,0,0,0,0,0,,0,0,0,0,0,0,,54,0,25,0,0,34,0,0,0,
2022-01-23,0,,0,0,0,0,0,0,0,0,0,0,67,0,0,0,23,65,0,0,14,0,0,22,,39,0,0,0,,0,0,0,0,0,,0,0,0,0,0,0,,42,0,19,0,0,33,0,0,0,
2022-01-30,0,,0,0,0,0,0,0,0,0,0,0,0,0,0,0,29,0,0,0,0,0,0,0,,8,0,0,0,,0,0,0,0,0,,0,0,0,0,0,0,,21,52,5,0,0,0,0,0,0,
2022-02-06,0,,0,0,0,0,0,0,0,0,0,0,0,0,0,32,50,73,0,0,0,0,0,22,,43,0,0,0,,0,0,0,0,0,,0,0,0,0,0,0,,96,79,43,0,0,38,0,91,0,
2022-02-13,0,,0,0,0,3,0,0,0,0,0,0,0,0,0,37,42,58,0,0,16,0,0,20,,37,0,0,0,,0,0,0,0,0,,0,0,0,0,0,0,,84,41,43,0,0,20,0,47,0,
2022-02-20,0,,0,0,0,0,0,0,0,0,0,15,0,0,0,46,24,67,0,0,14,0,0,18,,43,0,0,0,,0,0,0,0,0,,0,0,0,0,0,0,,82,60,45,0,0,35,0,97,0,
2022-02-27,0,,0,0,0,0,0,0,0,0,0,24,0,0,0,68,19,46,0,0,0,0,0,15,,32,0,0,0,,0,0,0,0,0,,0,0,0,0,0,0,,47,33,28,0,0,29,0,0,0,
2022-03-06,0,,0,0,0,0,0,0,0,0,0,0,0,0,0,64,25,64,0,0,11,0,0,26,,40,0,0,0,,0,0,0,0,0,,0,0,0,0,0,0,,85,40,34,0,0,34,0,79,0,
2022-03-13,0,,0,0,0,3,0,0,0,0,0,0,0,0,0,39,28,45,0,0,14,0,0,19,,37,0,0,0,,0,0,0,0,0,,0,0,0,0,0,0,,72,54,44,0,0,21,0,58,0,
2022-03-20,0,,0,0,0,0,0,0,0,0,0,0,54,0,0,46,46,0,0,0,11,0,0,16,,28,0,0,78,,0,0,0,0,0,,0,0,0,0,0,0,,93,35,32,0,0,21,0,39,0,
2022-03-27,0,,0,0,0,0,0,0,29,0,0,0,0,0,0,57,37,42,0,0,9,0,0,0,,25,0,0,0,,0,0,0,0,0,,0,0,0,0,0,0,,68,30,30,0,0,14,0,35,0,
2022-04-03,34,,0,0,0,0,0,0,0,0,0,0,0,0,0,26,58,45,0,0,9,0,0,13,,25,0,0,0,,0,0,0,0,0,,0,0,0,0,0,0,,53,33,33,0,0,18,0,0,0,
2022-04-10,0,,0,0,0,0,0,0,0,0,0,25,0,0,0,28,31,67,0,0,8,0,0,0,,28,0,0,0,,0,0,0,0,0,,0,0,0,0,0,0,,78,49,41,0,0,23,0,39,0,
2022-04-17,0,,0,0,0,0,0,0,0,0,0,0,0,0,0,30,20,41,0,0,11,0,0,13,,29,0,0,0,,0,0,0,0,0,,0,0,0,0,0,0,,58,48,30,0,0,17,0,0,0,
2022-04-24,0,,0,0,0,0,0,0,0,0,0,15,0,0,0,42,17,31,0,0,10,0,0,15,,24,0,0,0,,0,0,0,0,0,,0,0,0,0,0,0,,53,55,32,0,0,0,0,0,0,
2022-05-01,0,,0,0,0,0,0,0,0,0,0,0,0,0,0,0,20,0,0,0,8,0,0,0,,20,0,0,0,,0,0,0,0,0,,0,0,0,0,0,0,,45,0,38,0,0,0,0,32,0,
2022-05-08,0,,0,0,0,0,0,0,0,0,0,0,0,0,0,0,14,0,0,0,0,0,0,0,,22,0,0,0,,0,0,0,0,0,,0,0,0,0,0,0,,42,48,27,0,0,21,0,30,0,
2022-05-15,0,,0,0,0,0,0,0,0,0,0,0,0,0,0,0,19,0,0,0,0,0,0,0,,18,0,0,0,,0,0,0,0,0,,0,0,0,0,0,0,,41,0,23,0,0,0,0,0,0,
2022-05-22,0,,0,0,0,0,0,0,0,0,0,0,0,0,0,0,11,0,0,0,10,0,0,0,,11,0,0,0,,0,0,0,0,0,,0,0,0,0,0,0,,28,0,15,0,0,0,0,42,0,
2022-05-29,0,,0,0,0,0,0,0,0,0,0,0,0,0,0,0,14,0,0,0,0,0,0,0,,13,0,0,0,,0,0,0,0,0,,0,0,0,0,0,0,,24,0,17,0,0,0,0,0,0,
2022-06-05,0,,0,0,0,0,0,0,0,0,0,0,0,0,0,29,0,0,0,0,0,0,0,0,,17,0,0,0,,0,0,0,0,0,,0,0,17,0,0,0,,31,0,18,0,0,0,0,0,0,
2022-06-12,0,,0,0,0,0,0,0,0,0,0,0,0,0,0,0,16,0,0,0,0,0,0,0,,18,0,0,0,,0,0,0,0,0,,0,0,0,0,0,0,,28,0,17,0,0,0,0,0,0,
2022-06-19,0,,0,0,0,0,0,0,0,0,0,0,0,0,0,0,11,39,0,0,0,0,0,0,,16,0,0,0,,0,0,0,0,0,,0,0,0,0,0,0,,42,0,19,0,0,0,0,0,0,
2022-06-26,0,,0,0,0,0,0,0,0,0,0,0,0,0,0,0,0,0,0,0,0,0,0,0,,18,0,0,0,,0,0,0,75,0,,0,0,0,0,0,0,,37,34,18,0,0,0,0,0,0,
2022-07-03,0,,0,0,0,0,0,0,0,0,0,0,0,0,0,0,0,0,0,0,0,0,0,0,,19,0,0,0,,0,0,0,0,0,,0,0,0,0,0,0,,41,44,19,0,0,0,0,0,0,
2022-07-10,0,,0,0,0,0,0,72,0,0,0,16,0,0,0,0,13,0,0,0,0,0,0,0,,17,0,0,0,,0,0,0,0,0,,0,0,0,0,0,0,,36,0,17,0,0,0,0,0,0,
2022-07-17,0,,0,0,0,0,0,0,0,0,0,0,0,0,0,0,16,0,0,0,0,0,0,0,,14,0,0,0,,0,0,0,0,0,,0,0,0,0,0,0,,35,0,17,0,0,0,0,32,0,
2022-07-24,0,,0,0,0,0,0,0,0,0,0,0,55,0,0,0,18,0,0,0,0,0,0,0,,15,0,0,0,,0,0,0,0,0,,0,0,0,0,0,0,,25,0,15,0,0,0,0,0,0,
2022-07-31,0,,0,0,0,0,0,0,0,0,0,0,0,0,0,32,20,0,0,0,0,0,0,0,,30,0,0,0,,0,0,0,0,0,,0,0,0,0,0,0,,36,0,28,0,0,0,0,0,0,
2022-08-07,0,,0,0,0,3,0,0,0,0,0,0,61,0,0,0,25,0,0,0,9,0,0,0,,26,0,0,0,,0,0,0,0,0,,0,0,0,0,0,0,,22,35,21,0,0,0,0,0,0,
2022-08-14,0,,0,0,0,0,0,0,0,0,0,0,0,0,0,30,28,0,0,0,11,0,0,0,,25,100,0,0,,0,0,0,0,0,,0,0,0,0,0,0,,37,0,20,0,0,0,0,57,0,
2022-08-21,0,,0,0,0,0,0,0,0,0,0,0,54,0,0,0,26,34,0,0,11,0,0,0,,17,0,0,0,,0,0,0,0,0,,0,0,0,0,0,0,,24,0,16,0,0,0,0,0,0,
2022-08-28,0,,0,0,0,0,0,0,0,0,0,0,66,0,0,0,13,0,0,0,11,0,0,0,,20,0,0,0,,0,0,0,0,0,,0,0,0,0,0,0,,25,0,16,0,0,0,0,32,0,
2022-09-04,0,,0,0,0,0,0,0,0,0,0,0,53,0,0,0,13,0,0,0,0,0,0,0,,16,0,0,0,,0,0,0,0,0,,0,0,0,0,0,0,,24,0,12,0,0,0,0,0,0,
2022-09-11,0,,0,0,0,0,0,0,0,0,0,0,0,0,0,0,10,0,0,0,11,0,0,0,,16,0,0,0,,0,0,0,0,0,,0,0,0,0,0,0,,23,0,17,0,0,0,0,0,0,
2022-09-18,0,,0,0,0,0,0,0,0,0,0,0,0,0,0,0,17,0,0,0,10,0,0,0,,16,0,0,0,,0,0,0,0,0,,0,0,0,0,0,0,,26,0,15,0,0,0,0,33,0,
2022-09-25,0,,0,0,0,0,0,0,0,0,0,0,51,0,0,0,17,36,0,0,15,0,0,0,,24,0,0,0,,0,0,0,0,0,,0,0,0,0,0,0,,30,0,17,0,0,0,0,31,0,
2022-10-02,0,,0,0,0,0,0,0,0,0,0,0,0,0,0,0,14,52,0,0,14,0,0,0,,22,0,0,0,,0,0,0,0,0,,0,0,0,0,0,0,,28,0,15,0,0,0,0,0,0,
2022-10-09,0,,0,0,0,0,0,0,0,0,0,0,0,0,0,0,16,0,0,0,0,0,0,0,,18,0,0,0,,0,0,0,0,0,,0,0,0,0,0,0,,25,0,12,0,0,0,0,0,0,
2022-10-16,0,,0,0,0,0,0,0,0,0,0,0,0,0,0,0,23,0,0,0,9,0,0,0,,22,0,0,0,,0,0,0,0,0,,0,0,0,0,0,0,,22,0,13,0,0,0,0,0,0,
2022-10-23,0,,0,0,0,0,0,0,0,0,0,0,0,0,0,0,10,0,0,0,0,0,0,0,,21,0,0,0,,0,0,0,0,0,,0,0,0,0,0,0,,12,0,14,0,0,0,0,0,0,
2022-10-30,0,,0,0,0,0,0,0,0,0,0,0,0,0,0,0,15,0,0,0,0,0,0,0,,22,0,0,0,,0,0,100,0,0,,0,0,0,0,0,0,,38,0,23,0,0,0,0,0,0,
2022-11-06,0,,0,0,0,0,0,0,0,0,0,0,0,0,0,39,12,0,0,0,0,0,0,0,,19,0,0,0,,0,0,0,0,0,,0,0,0,0,0,0,,34,34,16,0,0,0,0,0,0,
2022-11-13,0,,100,0,0,0,0,0,0,0,0,0,0,0,0,0,22,0,0,0,11,0,0,0,,23,0,0,0,,0,0,0,0,0,,0,0,0,0,0,0,,36,44,16,0,0,0,0,0,0,
2022-11-20,0,,0,0,0,0,0,0,0,0,0,0,0,0,0,0,0,0,0,0,11,0,0,0,,16,0,0,0,,0,0,0,0,0,,0,0,0,0,0,0,,26,0,14,0,0,0,0,0,0,
2022-11-27,0,,0,0,0,0,0,0,0,0,0,0,0,0,0,0,12,36,0,0,12,0,0,0,,19,0,0,0,,0,0,0,0,0,,0,0,0,0,0,0,,18,0,13,0,0,0,0,0,0,
2022-12-04,0,,0,0,0,0,0,0,0,0,0,0,0,0,0,0,18,0,0,0,0,0,0,0,,24,0,0,0,,0,0,0,0,0,,0,0,0,0,0,0,,16,0,14,0,0,0,0,0,0,
2022-12-11,0,,0,0,0,0,0,0,0,0,0,0,0,0,0,0,13,0,0,0,8,0,0,0,,19,0,0,0,,0,0,0,0,0,,0,0,0,0,0,0,,15,0,12,0,0,0,0,0,0,
2022-12-18,0,,0,0,0,0,0,0,0,0,0,0,0,0,0,28,13,0,0,0,14,0,0,0,,14,0,0,0,,0,0,0,0,0,,0,0,0,0,0,0,,22,0,11,0,0,0,0,38,0,
2022-12-25,0,,0,0,0,3,0,0,0,0,0,0,0,0,0,0,15,0,0,0,15,0,0,0,,21,0,0,0,,0,0,0,0,0,,0,0,0,0,0,0,,22,0,11,0,0,0,0,0,0,
2023-01-01,0,,0,0,0,0,0,0,0,0,0,0,0,0,0,0,0,0,0,0,0,0,0,0,,17,0,0,0,,0,0,0,0,0,,0,0,0,0,0,0,,15,0,7,0,0,0,0,0,0,
2023-01-08,48,,0,0,0,0,0,0,0,0,0,0,0,0,0,0,15,0,0,0,12,0,0,0,,18,0,0,0,,0,0,0,0,0,,0,0,0,0,0,0,,23,0,11,0,0,0,0,0,0,
2023-01-15,0,,0,0,0,0,0,100,0,0,0,0,0,0,0,0,12,0,0,0,0,0,0,0,,18,0,0,0,,0,0,0,0,0,,0,0,0,0,0,0,,10,0,6,0,0,0,0,0,0,
2023-01-22,0,,0,0,0,0,0,0,0,0,0,0,0,0,0,0,13,0,0,0,0,0,0,0,,11,0,0,0,,0,0,0,0,0,,0,0,0,0,0,0,,0,0,2,0,0,0,0,0,0,
2023-01-29,0,,0,0,0,0,0,0,0,0,0,0,0,0,0,0,24,0,0,0,16,0,0,0,,24,0,0,0,,0,0,0,0,0,,100,0,0,0,0,0,,35,0,20,0,0,0,0,40,0,
2023-02-05,0,,0,0,0,0,0,0,0,0,0,0,0,0,0,0,22,0,0,0,14,0,0,0,,23,0,0,0,,0,0,0,0,0,,0,0,0,0,0,0,,36,0,15,0,0,0,0,0,0,
2023-02-12,0,,0,0,0,0,0,0,41,0,0,0,0,0,0,0,22,0,0,0,17,0,0,23,,21,0,0,0,,0,0,0,0,0,,0,0,0,0,0,0,,25,0,18,0,0,0,0,0,0,
2023-02-19,0,,0,0,0,4,0,0,0,0,0,0,0,0,0,0,20,0,0,0,17,0,0,15,,30,0,0,0,,0,0,0,0,0,,0,0,0,0,0,0,,25,0,13,0,0,16,0,63,0,
2023-02-26,0,,0,0,0,0,0,0,0,0,0,0,0,0,0,0,23,0,0,0,13,0,0,0,,21,0,0,0,,0,0,0,0,0,,0,0,0,0,0,0,,22,0,8,0,0,0,0,0,0,
2023-03-05,0,,0,0,0,5,0,0,0,0,0,0,56,0,0,0,24,0,0,0,13,0,0,0,,28,0,0,0,,0,0,0,0,0,,0,0,0,0,0,0,,31,0,12,0,0,17,0,0,0,
2023-03-12,0,,0,0,0,0,0,0,0,0,0,0,49,0,0,0,40,0,0,0,10,0,0,21,,30,0,0,0,,0,0,0,0,0,,0,0,0,0,0,0,,24,0,12,0,0,0,0,0,0,
2023-03-19,0,,0,0,0,0,0,0,0,0,0,0,50,0,0,0,29,0,0,0,17,0,0,0,,28,0,0,0,,0,0,0,0,0,,0,0,0,0,0,0,,19,0,12,0,0,17,0,0,0,
2023-03-26,0,,0,0,0,0,0,0,0,0,0,0,0,0,0,0,10,0,0,0,15,0,0,0,,21,0,0,0,,0,0,0,0,0,,0,0,0,0,0,0,,21,0,9,0,0,0,0,0,0,
2023-04-02,0,,0,0,0,0,0,0,0,0,0,0,0,0,0,0,12,0,0,0,10,0,0,0,,16,0,0,0,,0,0,0,0,0,,0,0,0,0,0,0,,9,43,6,0,0,0,0,0,0,
2023-04-09,0,,0,0,0,0,0,0,0,0,0,0,51,0,0,0,15,0,0,0,11,0,0,0,,24,0,0,0,,0,0,0,0,0,,0,0,0,0,0,0,,18,0,10,0,0,0,0,0,0,
2023-04-16,0,,0,0,0,0,0,0,0,0,0,0,0,0,0,0,12,0,0,0,13,0,0,16,,26,0,0,0,,0,0,0,0,0,,0,0,0,0,0,0,,15,0,11,0,0,17,0,0,0,
2023-04-23,0,,0,0,0,0,0,0,0,0,0,0,0,0,0,0,12,0,0,0,19,0,0,14,,24,0,0,0,,0,0,0,0,0,,0,0,0,0,0,0,,24,0,10,0,0,0,0,0,0,
2023-04-30,0,,0,0,0,0,0,0,0,0,0,0,0,0,0,0,23,0,0,0,15,0,0,0,,22,0,0,0,,0,0,0,0,0,,0,0,0,0,0,0,,15,0,12,0,0,0,0,0,0,
2023-05-07,0,,0,0,0,0,0,0,0,0,0,0,0,0,0,0,14,0,0,0,14,0,0,0,,30,0,0,0,,0,0,0,0,0,,0,0,0,0,0,0,,17,0,9,0,0,0,0,0,0,
2023-05-14,0,,0,0,0,4,0,0,0,0,0,0,0,0,0,0,18,0,0,0,19,0,0,0,,34,0,0,0,,0,0,0,0,0,,0,0,0,0,0,0,,17,0,11,0,0,0,0,0,0,
2023-05-21,0,,0,0,0,4,0,0,0,0,0,0,0,0,0,0,0,0,0,0,14,0,0,21,,36,0,100,0,,0,0,0,0,0,,0,0,0,0,0,0,,28,0,12,0,0,0,0,0,0,
2023-05-28,0,,0,0,0,0,0,0,0,0,0,0,0,0,0,0,12,0,0,0,20,0,0,27,,39,0,0,0,,0,0,0,0,0,,0,0,0,0,0,0,,30,0,13,0,0,26,0,30,0,
2023-06-04,0,,0,0,0,0,0,0,0,0,0,0,0,0,0,0,17,28,0,0,12,0,0,26,,38,0,0,0,,0,0,0,0,0,,0,0,0,0,0,0,,23,0,13,0,0,15,0,0,0,
2023-06-11,0,,0,0,0,0,0,0,0,0,0,0,0,0,0,0,18,0,0,0,17,0,0,14,,44,0,0,0,,0,0,0,0,0,,0,0,0,0,0,0,,33,0,15,0,0,30,0,0,0,
2023-06-18,0,,0,0,0,0,0,0,0,0,0,0,0,0,0,0,0,35,0,0,15,0,0,0,,23,0,0,0,,0,0,0,0,0,,0,0,0,0,0,0,,13,0,8,0,0,0,0,0,0,
2023-06-25,0,,0,0,0,0,0,0,0,0,0,0,0,0,0,0,17,0,0,0,15,0,0,0,,23,0,0,0,,0,0,0,0,0,,0,0,0,0,0,0,,18,0,9,0,0,0,0,33,0,
2023-07-02,0,,0,0,0,0,0,0,0,0,0,0,0,0,0,0,10,0,0,0,15,0,0,14,,31,0,0,0,,0,0,0,0,0,,0,0,0,0,0,0,,28,0,11,0,0,0,0,0,0,
2023-07-09,0,,0,0,0,0,0,0,0,0,0,0,0,0,0,26,16,0,0,55,16,0,0,16,,29,0,0,0,,0,0,0,0,0,,0,0,0,0,0,0,,24,0,15,0,0,0,0,0,0,
2023-07-16,0,,0,0,0,4,0,0,0,0,0,0,0,0,0,0,25,0,0,0,17,0,0,0,,25,0,0,0,,0,0,0,0,0,,0,0,0,0,0,0,,29,0,14,0,0,0,0,0,0,
2023-07-23,0,,0,0,0,0,0,0,0,0,0,0,0,0,0,0,25,0,0,0,23,63,0,0,,30,0,0,0,,0,0,0,0,0,,0,0,0,0,0,0,,23,0,14,0,0,0,0,0,0,
2023-07-30,0,,0,0,0,0,0,0,0,0,0,0,0,0,0,0,17,0,0,0,23,0,0,21,,32,0,0,0,,0,0,0,0,0,,0,0,0,0,0,0,,29,0,19,0,0,0,0,0,0,
2023-08-06,0,,0,0,0,0,0,0,0,0,0,0,0,0,0,0,26,0,0,0,22,0,0,28,,39,0,0,0,,0,0,0,0,0,,0,0,0,0,0,0,,35,43,12,0,0,0,0,0,0,
2023-08-13,0,,0,0,0,4,0,0,0,0,0,0,0,0,0,0,25,0,0,0,28,0,0,21,,36,0,0,0,,0,0,0,0,0,,0,0,0,0,0,0,,29,0,13,0,0,0,0,0,0,
2023-08-20,0,,0,0,0,0,0,0,0,0,0,21,0,0,0,0,22,0,0,0,22,0,0,0,,30,0,0,0,,0,0,0,0,0,,0,0,0,0,0,0,,22,0,10,0,0,0,0,0,0,
2023-08-27,0,,0,0,0,0,0,0,0,0,0,0,0,0,0,0,35,0,0,0,22,0,0,21,,31,0,0,0,,0,0,0,0,0,,0,0,0,0,0,0,,21,0,9,0,0,0,0,0,0,
2023-09-03,0,,0,0,0,3,0,0,0,0,0,0,0,0,0,0,35,0,0,0,25,0,0,24,,33,0,0,0,,0,0,0,0,0,,0,0,0,0,0,0,,16,0,12,0,0,0,0,0,0,
2023-09-10,0,,0,0,0,3,0,0,0,0,0,0,0,0,0,0,38,0,0,0,36,0,0,25,,35,0,0,0,,0,0,0,0,0,,0,0,0,0,48,0,,20,0,12,0,0,0,0,0,0,
2023-09-17,0,,0,0,0,0,0,0,0,0,0,0,0,0,0,0,50,0,0,0,40,0,0,0,,32,0,0,0,,0,0,0,0,0,,0,0,0,0,0,0,,21,0,10,12,0,0,0,0,0,
2023-09-24,0,,0,0,0,4,0,0,0,0,0,0,0,0,0,0,26,0,0,0,23,0,0,16,,25,0,0,0,,0,0,0,0,0,,0,0,0,0,0,0,,13,0,16,14,0,0,0,0,0,
2023-10-01,0,,0,0,0,4,0,0,0,0,0,0,0,0,0,0,27,0,0,0,25,0,0,15,,35,0,0,0,,0,0,0,0,0,,0,0,0,0,0,0,,21,0,10,25,0,0,0,0,0,
2023-10-08,0,,0,0,0,4,0,0,0,0,0,0,0,0,0,0,31,0,0,0,23,0,0,0,,19,0,0,0,,0,0,0,0,0,,0,0,0,0,0,0,,16,0,9,17,0,0,0,0,0,
2023-10-15,0,,0,0,0,4,0,0,0,0,0,0,0,0,0,0,34,0,0,0,19,0,0,17,,32,0,0,0,,0,0,0,0,0,,0,0,0,0,0,0,,18,0,10,24,0,0,0,0,0,
2023-10-22,0,,0,0,0,0,0,0,0,0,0,0,0,0,0,0,23,0,0,0,26,0,0,0,,27,0,0,0,,0,0,0,0,0,,0,0,0,0,0,0,,19,0,8,7,0,0,0,0,0,
2023-10-29,0,,0,0,0,0,0,0,0,0,0,0,0,0,0,0,30,0,0,0,22,0,0,0,,26,0,0,0,,0,0,0,0,0,,0,0,0,0,0,0,,23,0,16,42,0,0,0,0,0,
2023-11-05,0,,0,0,0,0,0,0,0,0,0,0,0,0,0,0,35,0,0,0,25,0,0,26,,26,0,0,0,,0,0,0,0,0,,0,0,0,0,0,0,,23,0,19,39,0,0,0,0,0,
2023-11-12,0,,0,0,0,3,0,0,0,0,0,0,0,0,0,0,32,0,0,0,30,0,0,0,,28,0,0,0,,0,0,0,0,0,,0,0,27,0,0,0,,32,0,22,36,0,0,0,0,0,
2023-11-19,0,,0,0,0,3,0,0,0,0,0,0,0,0,0,0,21,0,0,0,17,0,0,0,,25,0,0,0,,0,0,0,0,0,,0,0,0,0,0,0,,23,0,15,38,0,0,0,0,0,
2023-11-26,0,,0,0,0,0,0,0,0,0,0,0,0,0,0,0,30,0,0,0,33,0,0,16,,25,0,0,0,,0,0,0,0,0,,0,0,19,0,0,0,,19,0,11,31,0,0,0,0,0,
2023-12-03,0,,0,0,0,4,0,0,0,0,0,0,0,0,0,0,32,0,0,54,20,0,0,34,,37,0,0,0,,0,0,0,0,0,,0,0,0,0,0,0,,16,0,13,30,0,0,0,0,0,
2023-12-10,0,,0,0,0,0,0,0,0,0,0,0,0,0,0,0,39,0,0,0,32,0,0,54,,47,0,0,0,,0,0,0,0,0,,0,0,0,0,0,0,,24,59,18,39,0,0,0,0,0,
2023-12-17,0,,0,0,0,0,0,0,0,0,0,0,0,0,0,0,33,0,0,0,30,0,0,51,,42,0,0,0,,0,0,0,0,0,,0,0,19,0,0,0,,20,0,18,30,0,0,0,0,0,
2023-12-24,0,,0,0,0,0,0,0,0,0,0,0,0,0,0,0,28,0,0,0,17,0,0,29,,38,0,0,0,,0,0,0,0,0,,0,0,0,0,0,0,,24,0,17,22,0,0,0,0,0,
2023-12-31,0,,0,0,0,0,0,0,0,0,0,0,0,0,0,0,28,0,0,0,33,0,0,20,,35,0,0,0,,0,0,0,0,0,,0,0,20,0,0,0,,19,0,16,26,0,0,0,0,0,
2024-01-07,0,,0,0,0,0,0,0,0,0,0,0,0,0,0,0,27,0,0,0,24,0,0,28,,32,0,0,0,,0,0,0,0,0,,0,0,0,0,0,0,,20,0,15,28,0,0,0,0,0,
2024-01-14,0,,0,0,0,0,0,0,0,0,0,0,0,0,0,0,17,0,0,0,20,0,0,23,,38,0,0,0,,0,0,0,0,0,,0,0,0,0,0,0,,18,0,15,30,0,0,0,0,0,
2024-01-21,0,,0,0,0,6,0,0,0,0,0,0,0,0,0,0,22,0,0,0,22,0,0,0,,38,0,0,0,,0,0,0,0,0,,0,0,0,0,0,0,,23,0,17,31,0,0,0,0,0,
2024-01-28,0,,0,0,0,10,0,0,0,0,0,0,0,0,0,0,39,0,0,0,24,0,0,29,,30,0,0,0,,0,0,0,0,0,,0,0,0,0,0,0,,24,0,19,22,0,0,0,0,0,
2024-02-04,0,,0,0,0,9,0,0,0,0,0,0,0,0,0,0,32,0,0,0,15,0,0,0,,15,0,0,0,,0,0,0,0,0,,0,0,0,0,0,0,,9,0,11,11,0,0,0,0,0,
2024-02-11,0,,0,0,0,13,0,0,0,0,0,0,0,0,0,0,0,0,0,0,23,0,0,38,,26,0,0,0,,0,0,0,0,0,,0,0,0,0,0,0,,28,0,22,15,0,0,0,0,0,
2024-02-18,0,,0,0,0,38,0,0,0,0,0,0,0,0,0,0,35,0,0,0,24,0,0,47,,34,0,0,0,,0,0,0,0,0,,0,0,0,0,0,0,,31,0,28,29,0,0,0,0,0,
2024-02-25,0,,0,0,0,68,0,0,0,0,0,0,0,0,0,0,32,0,0,0,36,0,0,34,,37,0,0,0,,0,0,0,0,0,,0,0,0,0,0,0,,28,0,26,31,0,0,0,0,0,
2024-03-03,0,,0,0,0,60,100,0,0,0,0,0,0,0,0,0,56,0,0,0,53,0,0,50,,41,0,0,0,,0,0,0,0,0,,0,0,0,0,0,0,,49,0,27,43,0,0,0,0,0,
2024-03-10,35,,0,0,0,100,0,0,0,0,0,0,0,0,0,31,59,0,0,0,78,0,0,51,,71,0,0,88,,0,0,0,0,0,,0,0,24,0,50,0,,39,0,25,48,0,0,0,0,0,
2024-03-17,0,,0,0,0,15,0,0,0,0,0,0,0,0,0,39,44,0,0,55,67,0,0,57,,91,0,0,0,,0,0,0,0,0,,0,79,21,0,0,0,,27,0,25,36,0,0,0,0,0,
2024-03-24,0,,0,0,0,12,0,0,0,0,0,0,59,0,0,0,36,0,0,0,40,0,0,53,,87,0,0,0,,0,0,0,0,0,,0,0,0,0,0,0,,22,0,22,25,0,0,0,0,0,
2024-03-31,0,,0,0,0,5,0,0,0,0,0,0,0,0,0,0,28,0,0,0,43,0,0,37,,54,0,0,0,,0,0,0,0,0,,0,0,0,0,0,0,,14,0,11,21,0,0,0,0,0,
2024-04-07,0,,0,0,0,4,0,0,0,0,0,0,0,0,0,0,24,0,0,0,27,100,0,35,,50,0,0,0,,0,0,0,0,0,,0,0,0,0,0,0,,29,0,15,22,0,0,0,0,0,
2024-04-14,0,,0,0,0,4,0,0,0,0,0,0,0,0,0,0,33,0,0,0,41,0,0,18,,45,0,0,0,,0,0,0,0,0,,0,0,23,0,0,0,,21,0,16,21,0,0,0,0,0,
2024-04-21,0,,0,0,0,4,0,0,0,0,0,0,0,0,0,0,27,0,0,0,22,0,0,0,,32,0,0,0,,0,0,0,0,0,,0,0,36,0,0,0,,17,0,14,19,0,0,0,0,0,
2024-04-28,0,,0,0,0,0,0,0,0,0,0,0,0,0,0,32,19,0,0,0,32,0,0,20,,29,0,0,0,,0,0,0,0,0,,0,0,63,0,0,0,,19,0,20,15,0,0,0,0,0,
2024-05-05,0,,0,0,0,0,0,0,0,0,0,0,0,0,0,0,28,0,0,0,31,0,0,0,,28,0,0,0,,0,0,0,0,0,,0,0,86,0,0,0,,16,0,17,15,0,0,0,0,0,
2024-05-12,0,,0,0,0,0,0,0,0,0,0,0,75,0,0,0,35,0,0,0,22,0,0,17,,29,0,0,0,,0,0,0,0,0,,0,0,52,0,0,0,,20,0,20,18,0,0,0,0,0,
2024-05-19,0,,0,0,0,5,0,0,0,0,0,0,0,0,0,0,29,0,0,0,29,0,0,0,,19,0,0,0,,0,0,0,0,0,,0,0,28,0,55,0,,30,0,15,17,0,0,0,0,0,
2024-05-26,0,,0,0,0,4,0,0,0,0,0,0,65,0,0,0,13,0,0,0,34,0,0,0,,28,0,0,0,,0,0,0,0,0,,0,0,53,0,0,0,,22,39,18,25,0,0,0,0,0,
2024-06-02,0,,0,0,0,0,0,0,0,0,64,0,0,0,0,0,29,0,0,0,37,0,0,23,,24,0,0,0,,0,0,0,0,0,,0,0,25,0,0,0,,29,0,17,28,0,0,0,0,0,
2024-06-09,0,,0,0,0,4,0,0,0,0,0,0,0,0,0,0,29,0,0,0,31,0,0,21,,34,0,0,0,,0,0,0,0,0,,0,0,0,0,0,0,,34,52,16,21,0,0,0,0,0,
2024-06-16,0,,0,0,0,3,0,0,0,0,0,0,0,0,0,0,32,0,0,0,30,0,0,18,,38,0,0,0,,0,0,0,0,0,,0,0,30,0,0,0,,30,39,18,44,0,0,0,36,0,
2024-06-23,0,,0,0,0,0,0,0,0,0,0,0,0,0,0,46,22,0,0,0,26,0,0,21,,33,0,0,0,,0,0,0,0,0,,0,0,25,0,0,0,,20,0,14,32,0,0,0,0,0,
2024-06-30,0,,0,0,0,3,0,0,0,0,0,0,0,0,0,44,31,0,0,0,36,0,0,22,,41,0,0,0,,0,0,0,0,0,,0,0,41,0,0,0,,25,0,14,37,0,0,0,0,0,
2024-07-07,0,,0,0,0,6,0,0,0,0,0,0,0,0,0,29,28,0,0,0,35,0,0,0,,32,0,0,0,,0,0,0,0,0,,0,0,0,0,0,0,,37,0,19,57,0,0,0,0,0,
2024-07-14,0,,0,0,0,8,0,0,0,0,0,0,0,0,0,36,35,0,0,0,24,0,0,35,,35,0,0,0,,0,0,0,0,0,,0,0,0,0,0,0,,31,0,13,45,0,0,0,0,0,
2024-07-21,0,,0,0,0,3,0,0,0,0,0,0,0,0,0,30,28,0,0,0,20,0,0,20,,26,0,0,0,,0,0,0,0,0,,0,0,0,0,0,0,,12,0,8,22,0,0,0,0,0,
2024-07-28,0,,0,0,0,0,0,0,0,0,0,0,0,0,0,30,26,0,0,0,22,0,0,22,,34,0,0,0,,0,0,0,0,0,,0,0,0,0,0,0,,24,0,20,26,0,0,0,0,0,
2024-08-04,0,,0,0,0,4,0,0,0,0,0,0,0,0,55,0,63,0,0,0,35,0,0,36,,35,0,0,0,,0,0,0,0,0,,0,0,0,0,0,0,,16,0,15,34,0,0,0,0,0,
2024-08-11,0,,0,0,0,3,0,0,0,0,0,0,0,0,49,0,32,0,0,0,36,0,0,23,,27,0,0,0,,0,0,0,0,0,,0,0,0,0,0,0,,17,0,14,26,0,0,0,0,0,
2024-08-18,0,,0,0,0,0,0,0,0,0,0,0,0,0,51,0,23,0,0,67,29,0,0,0,,26,0,0,0,,0,0,0,0,0,,0,0,0,0,0,0,,14,0,9,22,0,0,0,0,0,
2024-08-25,0,,0,0,0,3,0,0,0,0,0,0,0,0,63,0,40,0,0,0,20,0,0,0,,19,0,0,0,,0,0,0,0,0,,0,0,0,0,0,0,,15,0,10,27,0,0,0,0,0,
2024-09-01,0,,0,0,0,0,0,0,0,0,0,0,0,0,45,0,27,0,0,0,24,0,0,0,,22,0,0,0,,0,0,0,0,0,,0,0,0,0,0,0,,12,0,10,51,0,0,0,0,0,
2024-09-08,0,,0,0,0,0,0,0,0,77,0,0,0,0,39,0,17,0,0,0,14,0,0,0,,23,0,0,0,,0,0,0,0,0,,0,0,0,0,0,0,,11,0,9,27,0,0,0,0,0,
2024-09-15,0,,0,0,0,0,0,0,0,0,0,0,63,0,74,0,27,0,0,0,15,0,0,0,,25,0,0,0,,0,0,0,0,0,,0,0,0,0,0,0,,10,0,7,19,0,0,0,0,0,
2024-09-22,0,,0,0,0,4,0,0,0,0,0,0,0,0,100,0,20,0,0,0,20,0,0,17,,31,0,0,0,,0,0,0,0,0,,0,0,0,0,0,0,,9,0,10,20,0,0,0,0,0,
2024-09-29,0,,0,0,0,0,0,0,0,0,0,0,0,0,55,0,24,0,0,0,34,0,0,21,,26,0,0,0,,0,0,0,0,0,,0,0,0,0,0,0,,9,0,6,13,0,0,0,0,0,
2024-10-06,0,,0,0,0,5,0,0,0,0,0,0,0,0,0,0,15,0,0,0,23,0,0,53,,45,0,0,0,,0,0,0,0,0,,0,0,0,0,0,0,,13,0,7,19,0,0,0,0,0,
2024-10-13,0,,0,0,0,0,0,0,0,0,0,0,0,0,0,0,30,0,0,0,33,0,0,30,,37,0,0,0,,0,0,0,0,0,,0,0,0,0,0,0,,15,0,10,26,0,0,0,0,0,
2024-10-20,0,,0,0,0,4,0,0,0,0,0,0,0,0,39,0,22,0,0,0,28,0,0,30,,30,0,0,0,,0,0,0,0,0,,0,0,20,0,0,0,,18,0,9,20,0,0,0,0,0,
2024-10-27,0,,0,0,0,0,0,0,0,0,0,0,0,0,0,0,18,0,0,0,17,0,0,0,,21,0,0,0,,0,0,0,0,0,,0,0,0,0,0,0,,13,0,13,14,0,0,0,0,0,
2024-11-03,0,,0,0,0,0,0,0,0,0,0,0,0,71,0,0,26,0,0,0,15,0,0,19,,26,0,0,0,,0,0,0,0,0,,0,0,25,0,0,0,,17,0,11,17,0,0,0,0,0,
2024-11-10,0,,0,0,0,5,0,0,0,0,0,0,0,0,0,0,15,0,0,0,23,0,0,0,,17,0,0,0,,0,0,0,0,0,,0,0,27,0,0,0,,13,0,8,14,0,0,0,0,0,
2024-11-17,0,,0,0,0,0,0,0,0,0,0,0,0,0,0,0,16,0,0,0,30,0,0,0,,21,0,0,0,,0,0,0,0,0,,0,0,55,0,0,0,,15,0,7,19,0,0,0,0,0,
2024-11-24,0,,0,0,0,0,0,0,0,100,0,0,0,0,0,0,0,0,0,0,32,0,0,0,,17,0,0,0,,0,0,0,0,0,,0,0,36,0,58,0,,11,0,9,12,0,0,0,0,0,
2024-12-01,0,,0,0,0,5,0,0,0,0,0,0,0,0,39,0,18,0,0,0,28,0,0,20,,33,0,0,0,,0,0,0,0,0,,0,0,28,0,0,0,,11,0,9,18,0,0,0,0,0,
2024-12-08,0,,0,0,0,4,0,0,0,0,0,0,0,0,48,0,23,0,0,0,19,0,0,19,,21,0,0,0,,0,0,0,0,0,,0,0,41,0,70,0,,9,0,8,14,0,0,0,0,0,
2024-12-15,0,,0,0,0,0,0,0,0,0,0,0,0,0,0,0,29,0,0,0,22,0,0,0,,24,0,0,0,,0,0,0,0,0,,0,0,42,0,0,0,,0,0,9,12,0,0,0,0,0,
2024-12-22,0,,0,0,0,0,0,0,0,0,0,0,0,0,0,0,37,0,0,0,20,0,0,0,,17,0,0,0,,0,0,0,0,0,,0,0,0,0,0,0,,13,0,5,13,0,0,0,0,0,
2024-12-29,0,,0,0,0,0,0,0,0,0,0,0,0,0,0,0,17,0,0,0,19,0,0,0,,9,0,0,0,,0,0,0,0,0,,0,0,29,0,0,0,,9,0,7,17,0,0,0,0,0,
2025-01-05,0,,0,0,0,4,0,0,0,0,0,0,0,0,0,0,35,0,0,0,23,0,0,0,,21,0,0,0,,0,0,0,0,0,,0,0,20,0,0,0,,15,0,10,16,0,0,0,0,0,
2025-01-12,0,,0,0,0,7,0,0,0,0,0,0,0,0,0,0,22,0,0,0,20,0,0,0,,12,0,0,0,,0,0,0,0,0,,0,0,0,0,0,0,,0,0,8,16,0,0,0,0,0,
2025-01-19,0,,0,0,0,0,0,0,0,0,0,0,0,0,0,0,21,0,0,0,20,0,0,0,,8,0,0,0,,0,0,0,0,0,,0,0,0,0,0,0,,0,0,7,14,0,0,0,0,0,
2025-01-26,0,,0,0,0,0,0,0,0,0,0,0,0,0,0,0,0,0,0,0,0,0,0,0,,0,0,0,0,,0,0,0,0,0,,0,0,0,0,0,95,,0,0,0,6,0,0,0,0,0,
2025-02-02,0,,0,0,0,4,0,0,0,0,0,0,0,0,0,0,26,0,0,0,23,0,0,0,,20,0,0,0,,0,0,0,0,0,,0,0,0,0,0,0,,11,0,17,14,0,0,0,0,0,
2025-02-09,0,,0,0,0,5,0,0,0,0,0,0,0,0,55,0,22,0,0,0,27,0,0,0,,15,0,0,0,,0,0,0,0,0,,0,0,0,0,0,0,,0,0,12,14,0,0,0,0,0,
2025-02-16,0,,0,0,0,5,0,0,0,0,0,0,0,0,0,0,24,0,0,0,27,0,0,0,,16,0,0,0,,0,0,0,0,0,,0,0,0,0,0,0,,14,0,12,17,0,0,0,0,0,
2025-02-23,0,,0,100,0,5,0,0,0,0,0,0,0,0,0,0,20,0,0,0,25,0,0,0,,14,0,0,0,,0,0,0,0,0,,0,0,0,0,0,0,,0,0,6,16,0,0,0,0,0,
2025-03-02,0,,0,0,0,0,0,0,0,0,0,0,62,0,0,0,23,0,0,0,22,0,0,0,,21,0,0,0,,0,0,0,0,0,,0,0,0,0,0,0,,9,0,8,19,0,0,0,0,0,
2025-03-09,0,,0,0,0,0,0,0,0,0,0,0,0,72,0,0,49,0,0,0,33,0,0,0,,15,0,0,0,,0,0,0,0,0,,0,0,0,0,0,0,,0,0,9,15,0,0,0,0,0,
2025-03-16,0,,0,0,0,0,0,0,0,0,0,0,0,0,0,0,20,0,0,0,21,0,0,35,,12,0,0,0,,0,0,0,0,0,,0,0,0,0,0,0,,10,0,10,10,0,0,0,0,0,
2025-03-23,0,,0,0,0,0,0,0,0,0,0,0,0,0,0,0,19,0,0,0,13,0,0,0,,13,0,0,0,,0,0,0,0,0,,0,0,0,0,0,0,,0,0,6,10,0,0,0,0,0,
2025-03-30,0,,0,0,0,0,0,0,0,0,0,0,0,0,0,0,21,0,0,0,15,0,0,0,,9,0,0,0,,0,0,0,0,0,,0,0,0,0,0,0,,0,0,7,11,0,0,0,0,0,
2025-04-06,0,,0,0,100,4,0,0,0,0,0,0,0,0,0,0,36,0,0,0,27,0,0,24,,35,0,0,0,,0,0,0,0,0,,0,0,0,0,0,0,,14,58,11,17,0,0,0,0,0,
2025-04-13,0,,0,0,0,0,0,0,0,0,0,0,0,0,0,0,16,0,0,0,22,0,0,0,,20,0,0,0,,0,0,0,0,0,,0,0,0,0,0,0,,0,0,10,9,0,0,0,0,0,
2025-04-20,0,,0,0,0,0,0,0,0,0,0,0,0,0,0,0,20,0,0,0,29,0,0,0,,16,0,0,0,,0,0,0,0,0,,0,0,0,0,0,0,,0,0,6,9,0,0,0,0,0,
2025-04-27,0,,0,0,0,3,0,0,0,0,0,0,100,0,0,40,16,0,0,0,29,0,0,0,,19,0,0,0,,0,0,0,0,0,,0,0,0,0,0,0,,0,0,11,8,0,0,0,0,0,
2025-05-04,0,,0,0,0,0,0,0,0,0,0,0,0,0,0,0,0,0,0,0,18,0,0,22,,27,0,0,0,,0,0,0,0,0,,0,0,0,0,0,0,,0,0,11,8,0,0,0,44,0,
2025-05-11,0,,0,0,0,4,0,0,0,0,0,0,0,0,0,0,15,0,0,0,20,0,0,0,,17,0,0,0,,0,0,0,0,0,,0,0,0,0,0,0,,9,0,11,6,0,0,0,0,0,
2025-05-18,0,,0,0,0,0,0,0,0,0,0,0,0,0,0,0,0,0,0,0,17,0,0,0,,15,0,0,0,,0,0,0,0,0,,0,0,24,0,0,0,,0,0,6,6,0,0,0,0,0,
2025-05-25,70,,0,0,0,0,0,0,0,0,0,0,0,0,0,0,0,0,0,0,25,0,0,0,,11,0,0,0,,0,0,0,0,0,,0,0,0,0,0,0,,9,0,5,8,0,0,0,0,0,
2025-06-01,0,,0,0,0,0,0,0,0,0,0,0,0,83,0,0,18,0,0,0,30,0,0,0,,12,0,0,0,,0,0,0,0,0,,0,0,57,0,0,0,,0,0,6,5,0,0,0,0,0,
2025-06-08,0,,0,0,0,0,0,0,0,0,100,0,0,0,0,0,17,0,0,0,16,0,0,0,,15,0,0,0,,0,0,0,0,0,,0,0,37,0,0,0,,0,0,9,5,0,0,0,0,0,
2025-06-15,0,,0,0,0,5,0,0,0,0,0,0,0,0,0,0,29,0,0,0,27,0,0,0,,16,0,0,0,,0,0,0,0,0,,0,0,23,0,0,0,,0,0,6,5,0,0,0,0,0,
2025-06-22,38,,0,0,0,0,0,0,0,0,0,0,0,59,0,0,26,0,0,0,31,0,0,0,,11,0,0,0,,0,0,0,0,0,,0,0,43,0,0,0,,11,0,7,7,0,0,0,0,0,
2025-06-29,0,,0,0,0,0,0,0,0,0,0,0,0,0,0,0,19,0,0,0,21,0,0,0,,16,0,0,0,,0,0,0,0,0,,0,0,0,0,0,0,,0,0,7,9,0,0,0,0,0,
2025-07-06,0,,0,0,0,0,0,0,0,0,0,0,0,0,0,0,20,0,0,0,24,0,0,0,,6,0,0,0,,0,0,0,0,0,,0,0,0,0,0,0,,0,0,7,7,0,0,0,0,0,
2025-07-13,0,,0,0,0,0,0,0,0,0,0,0,0,0,0,41,14,0,0,0,32,0,0,0,,9,0,0,0,,0,0,0,0,0,,0,0,27,0,0,0,,15,0,8,9,0,0,0,0,0,
2025-07-20,0,,0,0,0,0,0,0,0,0,0,0,0,0,0,0,14,0,0,0,19,0,0,0,,13,0,0,0,,0,0,0,0,0,,0,0,0,0,0,0,,0,0,6,9,0,0,0,0,0,
2025-07-27,0,,0,0,0,0,0,0,0,0,0,0,0,0,0,0,19,0,0,0,18,0,0,0,,14,0,0,0,,0,0,0,0,0,,0,0,0,0,0,0,,0,0,15,11,0,0,0,0,0,
2025-08-03,0,,0,0,0,0,0,0,0,0,0,0,0,0,0,0,26,0,0,0,26,0,0,0,,13,0,0,0,,0,0,0,0,0,,0,0,0,0,0,0,,8,0,12,10,0,0,0,0,0,
2025-08-10,0,,0,0,0,0,0,0,0,0,0,0,0,0,0,0,25,0,0,0,24,0,0,0,,12,0,0,0,,0,0,0,0,0,,0,0,0,0,0,0,,12,0,12,8,0,0,83,0,0,
2025-08-17,0,,0,0,0,0,0,0,0,0,0,0,79,0,0,0,15,0,0,0,23,0,0,0,,11,0,0,0,,0,0,0,0,0,,0,0,0,0,0,0,,9,0,9,8,0,0,0,0,0,
2025-08-24,0,,0,0,0,4,0,0,0,0,0,0,0,61,0,0,16,0,0,0,18,0,0,0,,10,0,0,0,,0,0,0,0,0,,0,0,22,0,0,0,,14,0,8,10,0,0,0,0,0,
2025-08-31,47,,0,0,0,0,0,0,0,0,0,0,0,0,0,0,14,0,0,0,22,0,0,0,,13,0,0,0,,0,0,0,0,0,,0,0,0,0,0,0,,10,0,6,11,0,0,0,0,0,
2025-09-07,0,,0,0,0,0,0,0,0,0,0,0,0,0,0,0,17,0,0,0,26,0,0,0,,12,0,0,0,,0,0,0,0,0,,0,0,24,0,0,0,,8,0,12,17,0,0,0,0,0,
2025-09-14,0,,0,0,0,0,0,0,0,0,0,0,0,0,0,0,15,0,0,0,32,0,0,0,,8,0,0,0,,0,0,0,0,0,,0,0,0,0,0,0,,11,0,8,13,63,0,0,0,0,
2025-09-21,0,,0,0,0,0,0,0,0,0,0,0,0,0,0,0,25,0,0,0,16,0,0,0,,16,0,0,0,,0,0,0,0,0,,0,0,0,0,0,0,,9,0,8,17,0,0,0,0,0,
2025-09-28,0,,0,0,0,4,0,0,0,0,0,0,0,0,0,0,0,0,0,0,26,0,0,0,,11,0,0,0,,0,0,0,0,0,,0,0,0,0,0,0,,9,0,6,18,0,0,0,0,0,
2025-10-05,0,,0,0,0,0,0,0,0,0,0,0,0,0,0,0,0,0,0,0,24,0,0,0,,9,0,0,0,,0,0,0,0,0,,0,0,24,0,70,0,,0,0,9,15,0,0,0,0,0,
2025-10-12,0,,0,0,0,0,0,0,0,0,0,0,0,61,0,0,26,0,0,0,22,0,0,0,,18,0,0,0,,0,0,0,0,0,,0,0,0,0,0,0,,0,0,11,16,0,0,0,0,0,
2025-10-19,42,,0,0,0,0,0,0,0,0,0,0,0,0,0,40,29,0,0,0,34,0,0,0,,8,0,0,0,,0,0,0,0,0,,0,0,0,0,0,0,,10,0,6,12,0,0,0,0,0,
2025-10-26,55,,0,0,0,0,0,0,0,0,0,0,0,0,0,33,16,41,0,0,25,0,0,0,,11,0,0,0,,0,0,0,0,0,,0,0,20,0,0,0,,9,0,14,16,0,0,0,0,0,
2025-11-02,0,,0,0,0,0,0,0,0,0,0,0,0,0,0,41,12,37,0,0,23,0,0,0,,13,0,0,0,,0,0,0,0,0,,0,0,0,0,0,0,,13,0,29,12,0,0,0,0,0,
2025-11-09,39,,0,0,0,0,0,0,0,0,0,0,0,0,0,33,14,0,0,0,19,0,0,0,,19,0,0,0,,0,0,0,0,0,,0,0,0,0,0,0,,9,0,21,11,0,0,0,0,0,
2025-11-16,45,,0,0,0,0,0,0,0,0,0,0,0,0,0,0,13,0,0,64,27,0,0,0,,17,0,0,0,,0,0,0,0,0,,0,0,0,0,0,0,,0,0,18,12,0,0,0,0,0,
2025-11-23,0,,0,0,0,4,0,0,0,0,0,0,0,0,0,36,20,61,0,0,23,0,0,0,,7,0,0,0,,0,0,0,0,0,,0,0,32,0,0,0,,11,0,15,13,0,0,0,0,0,
2025-11-30,0,,0,0,0,4,0,0,0,0,0,0,0,0,0,32,20,43,0,0,32,0,0,0,,17,0,0,0,,0,0,0,0,0,,0,0,0,0,0,0,,0,0,15,13,0,0,0,0,0,
2025-12-07,0,,0,0,0,6,0,0,0,0,0,0,0,0,0,32,23,0,0,0,34,0,0,0,,12,0,0,0,,0,0,0,0,85,,0,0,0,0,0,0,,13,0,18,14,0,0,0,0,0,
2025-12-14,0,,0,0,67,4,0,0,0,0,0,0,0,0,0,0,34,38,0,0,27,0,0,0,,9,0,0,0,,0,0,0,0,0,,0,0,40,0,0,0,,0,0,11,14,0,0,0,0,0,
2025-12-21,0,,0,0,0,0,0,0,0,0,0,0,0,0,0,0,38,0,0,0,34,0,0,0,,9,0,0,0,,0,0,0,0,0,,0,0,46,0,0,0,,0,0,12,13,0,0,0,0,0,
2025-12-28,0,,0,0,0,5,0,0,0,0,0,0,0,60,0,36,0,0,0,0,31,0,0,0,,13,0,0,0,,0,0,0,0,0,,0,0,28,0,0,0,,12,0,11,19,0,0,0,0,0,
2026-01-04,0,,0,0,0,8,0,0,0,0,0,0,0,74,0,44,22,0,0,0,36,0,0,0,,15,0,0,0,,0,0,0,0,0,,0,0,0,0,0,0,,15,0,19,28,0,0,0,0,0,
2026-01-11,43,,0,0,0,16,0,0,0,0,0,0,0,88,0,43,36,0,0,0,38,0,0,0,,17,0,0,0,,0,0,0,0,0,,0,0,0,0,0,0,,10,0,16,30,0,0,0,0,0,
2026-01-18,0,,0,0,0,10,0,0,0,0,0,0,0,73,0,38,30,56,0,100,50,0,0,23,,21,0,0,0,,0,0,0,0,0,,0,0,0,0,0,0,,15,0,17,35,0,0,0,0,0,
2026-01-25,0,,0,0,0,7,0,0,0,0,0,0,0,0,0,49,19,62,0,0,33,0,0,22,,16,0,0,0,,0,0,0,0,0,,0,0,19,0,59,0,,12,0,26,32,0,0,0,0,0,
2026-02-01,0,,0,0,0,0,0,0,0,0,0,0,0,0,0,0,27,0,0,0,34,0,0,0,,22,0,0,0,,0,0,0,0,0,,0,0,0,0,0,0,,15,0,46,22,0,0,0,0,0,
2026-02-08,0,,0,0,0,0,0,0,0,0,0,0,0,100,0,76,31,0,0,0,26,0,0,0,,17,0,0,0,,0,0,0,0,0,,0,0,0,0,60,0,,9,0,28,17,0,0,0,0,0,
2026-02-15,0,,0,0,0,0,0,0,0,0,0,0,0,79,0,0,16,53,0,0,15,0,0,0,,0,0,0,0,,0,0,0,0,0,,0,0,0,0,0,0,,0,0,12,8,0,0,0,0,0,
2026-02-22,58,,0,0,0,5,0,0,0,0,0,0,0,55,0,55,42,51,0,0,35,0,0,0,,24,0,0,0,,0,0,0,0,0,,0,0,22,0,0,0,,17,0,48,27,0,0,0,0,0,
2026-03-01,0,,0,0,0,4,0,0,0,0,0,0,0,90,49,93,31,39,0,0,42,0,0,0,,13,0,0,0,,0,0,0,0,0,,96,0,27,0,0,0,,12,0,29,28,0,0,0,0,0,
2026-03-08,0,,0,0,0,0,0,0,0,0,0,0,0,0,0,72,37,0,0,0,36,0,0,18,,12,0,0,0,,0,0,0,0,0,,0,0,0,0,52,0,,18,0,20,28,0,0,0,0,0,
2026-03-15,0,,0,0,0,0,0,0,0,0,0,0,0,0,0,49,37,41,0,0,32,0,0,0,,16,0,0,0,,0,0,0,0,0,,0,0,0,0,0,0,,16,0,26,27,0,0,0,0,0,
2026-03-22,0,,0,0,0,6,0,0,0,0,0,0,0,0,0,57,30,0,0,0,30,0,0,0,,20,0,0,0,,0,0,0,0,0,,0,0,19,0,0,0,,13,0,21,20,0,0,0,0,0,
2026-03-29,38,,0,0,0,3,0,0,0,0,0,0,0,0,0,43,31,0,0,0,46,0,0,0,,18,0,0,0,,0,0,0,0,0,,0,0,0,0,0,0,,15,0,16,19,0,0,0,0,0,
2026-04-05,0,,0,0,0,6,0,0,0,0,0,0,0,0,0,51,17,0,0,0,37,0,0,0,,19,0,0,0,,0,0,0,0,0,,0,0,0,0,0,0,,17,0,17,22,0,0,0,0,0,
2026-04-12,36,,0,0,0,19,0,0,0,0,0,0,0,0,0,40,52,51,0,90,46,0,0,18,,29,0,0,100,,0,0,0,0,0,,0,0,18,0,0,0,,43,63,28,44,0,0,0,0,0,
2026-04-19,0,,0,0,0,64,0,0,0,0,0,0,0,0,0,50,54,0,0,0,87,0,0,45,,39,0,0,0,,0,0,0,0,0,,0,0,45,0,0,0,,61,47,38,57,55,0,0,0,0,
2026-04-26,0,,0,0,0,10,0,0,0,0,0,0,0,0,0,0,58,39,0,0,70,0,0,31,,42,0,0,0,,0,0,0,0,0,,0,0,18,0,0,0,,47,0,45,38,0,0,0,0,0,
2026-05-03,63,,0,0,0,10,0,0,0,0,0,0,0,0,44,55,54,59,0,0,77,0,0,41,,44,0,0,0,,0,0,0,0,0,,0,0,26,0,72,0,,85,0,100,74,61,0,0,37,0,
2026-05-10,79,,0,0,0,19,0,0,0,0,0,0,0,0,0,100,66,83,66,67,88,0,0,100,,100,0,0,84,,0,0,0,0,0,,0,0,33,0,81,0,,48,0,76,61,0,0,0,0,0,
2026-05-17,65,,0,0,0,12,0,0,0,0,0,0,0,0,0,56,58,0,0,0,67,0,0,54,,48,0,0,0,,0,0,0,0,0,,0,0,26,0,0,0,,28,0,66,53,47,0,0,0,0,
2026-05-24,100,,0,0,0,16,0,0,0,94,0,0,0,0,0,88,75,84,0,93,64,0,0,84,,58,0,0,0,,0,0,0,0,0,,0,0,46,0,88,0,,49,0,54,82,65,0,0,0,0,
2026-05-31,78,,0,0,0,13,0,0,0,0,0,0,0,0,0,78,100,70,0,66,100,0,0,47,,56,0,0,0,,0,0,0,0,0,,0,100,100,0,100,0,,54,0,53,100,100,34,0,0,0,
2026-06-07,0,,0,0,0,8,0,0,44,78,0,0,0,0,0,73,72,40,100,0,53,0,0,44,,47,0,0,0,,0,0,0,88,100,,0,0,41,0,0,0,,36,0,44,75,54,0,0,0,0,
2026-06-14,62,,0,0,0,5,0,0,0,0,0,0,0,0,0,57,60,45,0,57,69,0,0,29,,41,0,0,0,,0,0,0,85,0,,0,0,37,0,64,0,,41,0,42,66,0,0,0,0,0,
2026-06-21,56,,0,0,0,5,0,0,39,0,0,0,0,0,0,66,64,50,0,0,61,0,0,33,,51,0,0,0,,0,0,0,0,72,,0,0,43,0,69,0,,31,0,39,63,0,0,0,0,0,
2026-06-28,63,,0,0,0,5,0,0,66,0,0,0,0,0,0,51,62,69,0,0,50,0,0,24,,31,0,0,0,,0,0,0,0,0,,0,0,42,0,58,100,,80,0,35,75,0,0,0,0,0,
2026-07-05,52,,0,0,0,3,0,0,0,0,0,0,73,0,0,41,60,48,62,64,37,0,0,0,,18,0,0,0,,0,0,0,0,0,,0,0,22,0,0,0,,87,0,24,42,0,0,0,0,0,
2026-07-12,38,,0,0,0,6,0,0,0,0,0,0,0,0,0,32,22,0,0,0,43,0,0,0,,25,0,0,0,,0,0,0,100,0,,0,0,0,0,0,0,,87,0,27,50,0,21,0,0,0,
2026-07-19,0,,0,0,0,0,0,0,100,0,0,0,0,0,0,0,16,0,0,0,31,0,0,0,,15,0,0,0,,0,0,0,0,0,,0,0,0,0,0,0,,42,0,32,41,0,0,0,0,0,
2026-07-26,13,,0,0,9,2,0,0,6,18,0,1,19,6,5,11,28,10,5,8,25,0,76,14,,18,0,0,7,,100,0,14,42,0,,0,0,10,100,17,0,,27,21,47,42,33,4,9,0,0,
2026-08-02,14,,0,0,14,4,0,0,9,6,0,1,21,12,4,12,31,17,4,16,37,0,100,25,,17,0,0,7,,54,0,0,15,0,,0,7,11,0,20,6,,40,24,82,40,43,4,16,0,0,
2026-08-09,17,,0,0,0,4,0,0,0,0,0,0,17,0,0,17,28,16,0,0,31,11,0,13,,15,0,0,0,,0,0,0,0,0,,0,0,10,0,11,0,,54,14,58,41,29,4,0,0,0,
